tomo_id,Z,Y,X,voxel_spacing,num_motors,motor_z,motor_y,motor_x,motor_zyx
tomo_003acc,500,1912,1847,6.5,0,-1.0,-1.0,-1.0,[]
tomo_00e047,300,959,928,15.6,1,169.0,546.0,603.0,"[[169.0, 546.0, 603.0]]"
tomo_00e463,500,924,956,19.7,8,235.0,403.0,137.0,"[[235.0, 403.0, 137.0], [243.0, 363.0, 153.0], [222.0, 379.0, 144.0], [225.0, 241.0, 643.0], [231.0, 289.0, 632.0], [225.0, 262.0, 628.0], [254.5, 374.75, 144.125], [205.75, 261.0, 943.5]]"
tomo_01a877,300,960,928,13.1,1,147.0,638.0,286.0,"[[147.0, 638.0, 286.0]]"
tomo_02862f,300,959,928,15.6,1,101.0,351.0,120.0,"[[101.0, 351.0, 120.0]]"
tomo_0308c5,300,960,928,15.6,0,-1.0,-1.0,-1.0,[]
tomo_0333fa,300,960,928,16.8,1,241.375,435.75,592.0,"[[241.375, 435.75, 592.0]]"
tomo_033ebe,300,960,928,13.1,1,88.0,711.0,308.0,"[[88.0, 711.0, 308.0]]"
tomo_03437b,300,959,928,15.6,1,138.0,864.0,620.0,"[[138.0, 864.0, 620.0]]"
tomo_0363f2,300,960,928,13.1,1,50.0,574.0,392.0,"[[50.0, 574.0, 392.0]]"
tomo_040b80,600,928,960,16.1,1,448.75,265.75,766.5,"[[448.75, 265.75, 766.5]]"
tomo_049310,500,924,956,19.7,0,-1.0,-1.0,-1.0,[]
tomo_04d42b,500,1024,1440,13.3,0,-1.0,-1.0,-1.0,[]
tomo_05b39c,800,928,960,13.1,0,-1.0,-1.0,-1.0,[]
tomo_05df8a,300,928,928,15.6,1,130.0,257.0,762.0,"[[130.0, 257.0, 762.0]]"
tomo_05f919,300,959,928,15.6,2,121.0,471.0,845.0,"[[121.0, 471.0, 845.0], [128.75, 686.5, 892.0]]"
tomo_066095,300,960,928,15.6,0,-1.0,-1.0,-1.0,[]
tomo_06e11e,300,960,928,15.6,1,134.875,241.5,487.75,"[[134.875, 241.5, 487.75]]"
tomo_072a16,300,960,928,16.8,0,-1.0,-1.0,-1.0,[]
tomo_081a2d,300,959,928,15.6,1,152.0,314.0,651.0,"[[152.0, 314.0, 651.0]]"
tomo_08446f,500,924,956,19.7,2,235.0,740.0,54.0,"[[235.0, 740.0, 54.0], [246.0, 778.0, 45.0]]"
tomo_087d64,800,927,959,13.1,0,-1.0,-1.0,-1.0,[]
tomo_08a6d6,800,928,960,13.1,0,-1.0,-1.0,-1.0,[]
tomo_08bf73,800,928,960,16.1,0,-1.0,-1.0,-1.0,[]
tomo_098751,500,924,956,16.1,2,299.5,100.875,152.5,"[[299.5, 100.875, 152.5], [232.0, 271.75, 343.25]]"
tomo_0a180f,800,928,960,13.1,0,-1.0,-1.0,-1.0,[]
tomo_0a8f05,300,928,928,13.1,1,52.0,587.0,575.0,"[[52.0, 587.0, 575.0]]"
tomo_0c2749,300,960,928,15.6,0,-1.0,-1.0,-1.0,[]
tomo_0c3a99,300,959,928,15.6,1,125.0,645.0,227.0,"[[125.0, 645.0, 227.0]]"
tomo_0c3d78,800,928,960,13.1,0,-1.0,-1.0,-1.0,[]
tomo_0d4c9e,300,960,928,15.6,0,-1.0,-1.0,-1.0,[]
tomo_0da370,300,928,928,13.1,1,28.0,356.0,636.0,"[[28.0, 356.0, 636.0]]"
tomo_0de3ee,500,928,960,13.1,3,131.0,139.0,326.0,"[[131.0, 139.0, 326.0], [203.0, 642.0, 801.0], [197.375, 857.0, 480.75]]"
tomo_0e9757,300,960,928,16.8,0,-1.0,-1.0,-1.0,[]
tomo_0eb41e,300,960,928,16.8,0,-1.0,-1.0,-1.0,[]
tomo_0eb994,300,959,928,15.6,2,161.0,835.0,630.0,"[[161.0, 835.0, 630.0], [173.875, 309.25, 448.75]]"
tomo_0f9df0,300,960,928,15.6,2,94.0,174.0,599.0,"[[94.0, 174.0, 599.0], [100.0, 13.859375, 198.5]]"
tomo_0fab19,300,959,928,15.6,1,159.0,516.0,681.0,"[[159.0, 516.0, 681.0]]"
tomo_0fe63f,300,960,928,13.1,1,197.0,362.0,265.0,"[[197.0, 362.0, 265.0]]"
tomo_101279,300,928,928,13.1,1,161.0,295.0,585.0,"[[161.0, 295.0, 585.0]]"
tomo_10a3bd,500,1024,1440,13.3,0,-1.0,-1.0,-1.0,[]
tomo_10c564,300,960,928,13.1,2,16.0,455.0,267.0,"[[16.0, 455.0, 267.0], [11.7109375, 129.0, 725.0]]"
tomo_122a02,300,959,928,15.6,1,127.0,808.0,140.0,"[[127.0, 808.0, 140.0]]"
tomo_122c46,300,960,928,16.8,0,-1.0,-1.0,-1.0,[]
tomo_12f896,300,960,928,13.1,1,95.0,404.0,212.0,"[[95.0, 404.0, 212.0]]"
tomo_13484c,300,928,928,15.6,1,153.0,768.0,658.0,"[[153.0, 768.0, 658.0]]"
tomo_134bb0,300,959,928,15.6,1,55.0,252.0,173.0,"[[55.0, 252.0, 173.0]]"
tomo_136c8d,500,924,956,19.7,0,-1.0,-1.0,-1.0,[]
tomo_138018,300,959,928,15.6,1,144.0,233.0,455.0,"[[144.0, 233.0, 455.0]]"
tomo_13973d,500,924,956,19.7,1,234.0,221.0,808.0,"[[234.0, 221.0, 808.0]]"
tomo_139d9e,300,959,928,15.6,1,153.0,611.0,172.0,"[[153.0, 611.0, 172.0]]"
tomo_1446aa,300,960,928,13.1,1,149.0,293.0,601.0,"[[149.0, 293.0, 601.0]]"
tomo_146de2,500,924,956,16.1,0,-1.0,-1.0,-1.0,[]
tomo_16136a,300,960,928,16.8,1,141.0,566.0,443.0,"[[141.0, 566.0, 443.0]]"
tomo_161683,300,928,928,15.6,1,186.0,145.0,370.0,"[[186.0, 145.0, 370.0]]"
tomo_16efa8,300,960,928,13.1,1,183.0,379.0,752.0,"[[183.0, 379.0, 752.0]]"
tomo_16fce8,300,960,928,15.6,0,-1.0,-1.0,-1.0,[]
tomo_17143f,300,960,928,15.6,0,-1.0,-1.0,-1.0,[]
tomo_172f08,800,928,960,13.1,1,375.75,551.5,893.5,"[[375.75, 551.5, 893.5]]"
tomo_180bfd,300,960,928,16.8,0,-1.0,-1.0,-1.0,[]
tomo_183270,800,928,960,13.1,0,-1.0,-1.0,-1.0,[]
tomo_191bcb,300,960,928,13.1,1,149.0,417.0,500.0,"[[149.0, 417.0, 500.0]]"
tomo_19a313,300,960,928,13.1,1,67.0,598.0,300.0,"[[67.0, 598.0, 300.0]]"
tomo_19a4fd,300,960,928,16.8,1,175.0,583.0,468.0,"[[175.0, 583.0, 468.0]]"
tomo_1ab322,300,960,928,15.6,1,68.0,580.0,583.0,"[[68.0, 580.0, 583.0]]"
tomo_1af88d,300,960,928,13.1,1,24.0,306.0,619.0,"[[24.0, 306.0, 619.0]]"
tomo_1b82d1,500,924,956,19.7,4,210.0,738.0,667.0,"[[210.0, 738.0, 667.0], [222.0, 878.0, 470.0], [208.0, 697.0, 680.0], [223.0, 716.0, 677.0]]"
tomo_1c2534,800,927,959,13.1,0,-1.0,-1.0,-1.0,[]
tomo_1c38fd,300,960,928,15.6,1,103.0,668.0,281.0,"[[103.0, 668.0, 281.0]]"
tomo_1c75ac,300,960,928,15.6,0,-1.0,-1.0,-1.0,[]
tomo_1cc887,300,928,928,15.6,2,143.0,667.0,192.0,"[[143.0, 667.0, 192.0], [145.125, 727.5, 879.5]]"
tomo_1da097,500,928,960,13.1,3,34.0,579.0,419.0,"[[34.0, 579.0, 419.0], [37.0, 652.0, 483.0], [85.0, 402.5, 265.75]]"
tomo_1da0da,800,928,960,13.1,1,366.0,444.0,248.625,"[[366.0, 444.0, 248.625]]"
tomo_1dc5f9,500,924,956,19.7,1,184.625,854.0,197.625,"[[184.625, 854.0, 197.625]]"
tomo_1e9980,300,960,928,16.8,0,-1.0,-1.0,-1.0,[]
tomo_1efc28,300,959,928,15.6,1,123.0,636.0,175.0,"[[123.0, 636.0, 175.0]]"
tomo_1f0e78,300,959,928,15.6,1,112.0,797.0,264.0,"[[112.0, 797.0, 264.0]]"
tomo_1fb6a7,300,960,928,16.8,0,-1.0,-1.0,-1.0,[]
tomo_20a9ed,300,960,928,13.1,1,185.0,319.0,560.0,"[[185.0, 319.0, 560.0]]"
tomo_210371,300,960,928,15.6,1,263.0,584.0,595.0,"[[263.0, 584.0, 595.0]]"
tomo_221a47,300,960,928,13.1,1,166.0,324.0,563.0,"[[166.0, 324.0, 563.0]]"
tomo_221c8e,500,928,928,16.8,0,-1.0,-1.0,-1.0,[]
tomo_225d8f,300,960,928,13.1,1,61.0,483.0,497.0,"[[61.0, 483.0, 497.0]]"
tomo_226cd8,500,928,960,13.1,10,365.0,528.0,607.0,"[[365.0, 528.0, 607.0], [312.0, 136.0, 99.0], [299.0, 227.0, 70.0], [332.0, 552.0, 58.0], [355.0, 656.0, 165.0], [388.0, 671.0, 433.0], [411.0, 318.0, 740.0], [354.0, 277.0, 756.0], [366.0, 693.0, 269.0], [386.0, 693.0, 319.0]]"
tomo_22976c,500,928,960,13.1,0,-1.0,-1.0,-1.0,[]
tomo_229f0a,500,960,928,16.8,0,-1.0,-1.0,-1.0,[]
tomo_23a8e8,300,960,928,15.6,1,132.0,686.0,356.0,"[[132.0, 686.0, 356.0]]"
tomo_23c8a4,300,960,928,16.8,3,125.1875,468.0,300.5,"[[125.1875, 468.0, 300.5], [110.0, 506.25, 308.0], [130.875, 557.5, 462.25]]"
tomo_23ce49,300,959,928,15.6,1,152.0,248.0,532.0,"[[152.0, 248.0, 532.0]]"
tomo_247826,500,960,928,16.8,0,-1.0,-1.0,-1.0,[]
tomo_24795a,300,960,928,15.6,1,144.0,702.0,703.0,"[[144.0, 702.0, 703.0]]"
tomo_2483bb,300,960,928,15.6,1,145.0,620.0,483.0,"[[145.0, 620.0, 483.0]]"
tomo_24a095,800,928,960,13.1,0,-1.0,-1.0,-1.0,[]
tomo_24fda8,300,960,928,15.6,0,-1.0,-1.0,-1.0,[]
tomo_256717,300,928,928,15.6,1,172.0,770.0,514.0,"[[172.0, 770.0, 514.0]]"
tomo_25780f,300,960,928,13.1,1,147.0,792.0,658.0,"[[147.0, 792.0, 658.0]]"
tomo_2645a0,300,960,928,16.8,0,-1.0,-1.0,-1.0,[]
tomo_278194,300,960,928,19.2,0,-1.0,-1.0,-1.0,[]
tomo_285454,300,956,924,16.1,1,172.375,856.0,598.0,"[[172.375, 856.0, 598.0]]"
tomo_285d15,300,960,928,13.1,1,137.0,391.0,611.0,"[[137.0, 391.0, 611.0]]"
tomo_288d4f,300,960,928,16.8,0,-1.0,-1.0,-1.0,[]
tomo_28f9c1,500,924,956,16.1,2,186.375,75.0,130.625,"[[186.375, 75.0, 130.625], [212.125, 53.15625, 104.8125]]"
tomo_2a6091,300,960,928,13.1,1,185.0,492.0,635.0,"[[185.0, 492.0, 635.0]]"
tomo_2a6ca2,300,960,928,13.1,1,32.0,528.0,347.0,"[[32.0, 528.0, 347.0]]"
tomo_2a89bb,800,928,960,16.1,1,273.75,592.0,902.0,"[[273.75, 592.0, 902.0]]"
tomo_2acf68,300,960,928,13.1,1,135.0,337.0,679.0,"[[135.0, 337.0, 679.0]]"
tomo_2aeb29,800,927,959,13.1,0,-1.0,-1.0,-1.0,[]
tomo_2b3cdf,300,960,928,13.1,2,134.0,173.0,662.0,"[[134.0, 173.0, 662.0], [111.875, 698.0, 317.0]]"
tomo_2b996c,300,960,928,16.8,1,130.875,435.75,679.5,"[[130.875, 435.75, 679.5]]"
tomo_2bb588,300,960,928,13.1,1,97.0,709.0,611.0,"[[97.0, 709.0, 611.0]]"
tomo_2c607f,300,960,928,13.1,1,108.0,349.0,527.0,"[[108.0, 349.0, 527.0]]"
tomo_2c8ea2,300,959,928,15.6,1,85.0,176.0,395.0,"[[85.0, 176.0, 395.0]]"
tomo_2c9da1,300,960,928,13.1,1,207.0,258.0,617.0,"[[207.0, 258.0, 617.0]]"
tomo_2c9f35,300,960,928,16.8,1,94.75,514.0,719.5,"[[94.75, 514.0, 719.5]]"
tomo_2cace2,300,960,928,16.8,0,-1.0,-1.0,-1.0,[]
tomo_2daaee,500,924,956,19.7,4,185.0,596.0,860.0,"[[185.0, 596.0, 860.0], [210.0, 606.0, 849.0], [263.0, 163.0, 752.0], [193.0, 566.0, 857.0]]"
tomo_2dcd5c,300,960,928,13.1,1,125.0,414.0,519.0,"[[125.0, 414.0, 519.0]]"
tomo_2dd6bd,300,928,928,16.8,0,-1.0,-1.0,-1.0,[]
tomo_2e1f4c,300,959,928,15.6,1,73.0,86.0,334.0,"[[73.0, 86.0, 334.0]]"
tomo_2f3261,300,960,928,13.1,1,143.0,458.0,695.0,"[[143.0, 458.0, 695.0]]"
tomo_2fb12d,300,960,928,16.8,0,-1.0,-1.0,-1.0,[]
tomo_2fc82d,300,960,928,16.8,0,-1.0,-1.0,-1.0,[]
tomo_305c97,300,960,928,15.6,1,65.0,684.0,410.0,"[[65.0, 684.0, 410.0]]"
tomo_307f33,800,928,960,16.1,0,-1.0,-1.0,-1.0,[]
tomo_30b580,300,928,928,13.1,1,142.0,392.0,575.0,"[[142.0, 392.0, 575.0]]"
tomo_30d4e5,300,959,928,15.6,1,175.0,706.0,228.0,"[[175.0, 706.0, 228.0]]"
tomo_317656,300,960,928,13.1,1,97.0,409.0,758.0,"[[97.0, 409.0, 758.0]]"
tomo_3183d2,300,959,928,15.6,2,168.0,136.0,475.0,"[[168.0, 136.0, 475.0], [124.625, 834.5, 465.25]]"
tomo_319f79,500,928,960,13.1,1,195.0,243.0,380.0,"[[195.0, 243.0, 380.0]]"
tomo_3264bc,300,928,928,16.8,0,-1.0,-1.0,-1.0,[]
tomo_32aaa7,300,960,928,13.1,1,156.0,526.0,641.0,"[[156.0, 526.0, 641.0]]"
tomo_331130,300,960,928,13.1,1,106.0,553.0,323.0,"[[106.0, 553.0, 323.0]]"
tomo_35ec84,800,928,960,16.1,0,-1.0,-1.0,-1.0,[]
tomo_369cce,300,960,928,13.1,1,95.0,361.0,268.0,"[[95.0, 361.0, 268.0]]"
tomo_37076e,300,960,928,13.1,1,131.0,379.0,298.0,"[[131.0, 379.0, 298.0]]"
tomo_372690,800,928,960,13.1,0,-1.0,-1.0,-1.0,[]
tomo_372a5c,300,959,928,15.6,1,179.0,730.0,406.0,"[[179.0, 730.0, 406.0]]"
tomo_374ca7,800,928,960,13.1,0,-1.0,-1.0,-1.0,[]
tomo_375513,300,960,928,13.1,1,204.0,577.0,228.0,"[[204.0, 577.0, 228.0]]"
tomo_378f43,300,960,928,13.1,1,166.0,763.0,526.0,"[[166.0, 763.0, 526.0]]"
tomo_37c426,600,960,928,15.6,0,-1.0,-1.0,-1.0,[]
tomo_37dd38,500,924,956,19.7,4,200.0,321.0,602.0,"[[200.0, 321.0, 602.0], [162.0, 100.0, 662.0], [184.0, 303.0, 593.0], [205.75, 108.3125, 283.75]]"
tomo_381add,500,924,956,19.7,2,219.0,625.0,862.0,"[[219.0, 625.0, 862.0], [209.0, 596.0, 871.0]]"
tomo_385eb6,300,960,928,16.8,0,-1.0,-1.0,-1.0,[]
tomo_38c2a6,300,960,928,13.1,1,251.0,687.0,200.0,"[[251.0, 687.0, 200.0]]"
tomo_38d285,800,928,960,13.1,0,-1.0,-1.0,-1.0,[]
tomo_399bd9,300,928,928,13.1,1,126.0,509.0,366.0,"[[126.0, 509.0, 366.0]]"
tomo_39b15b,500,924,956,16.1,0,-1.0,-1.0,-1.0,[]
tomo_3a0914,800,928,960,16.1,0,-1.0,-1.0,-1.0,[]
tomo_3a3519,300,960,928,15.6,0,-1.0,-1.0,-1.0,[]
tomo_3a6a9d,500,1024,1440,13.3,0,-1.0,-1.0,-1.0,[]
tomo_3a8480,500,924,956,19.7,2,223.0,460.0,896.0,"[[223.0, 460.0, 896.0], [212.0, 482.0, 872.0]]"
tomo_3b1cc9,300,960,928,13.1,1,190.0,463.5,258.5,"[[190.0, 463.5, 258.5]]"
tomo_3b7a22,800,928,960,13.1,0,-1.0,-1.0,-1.0,[]
tomo_3b8291,500,924,956,19.7,0,-1.0,-1.0,-1.0,[]
tomo_3b83c7,300,960,928,13.1,1,162.0,181.0,613.0,"[[162.0, 181.0, 613.0]]"
tomo_3c6038,300,959,928,15.6,1,99.0,324.0,156.0,"[[99.0, 324.0, 156.0]]"
tomo_3e6ead,300,960,928,16.8,0,-1.0,-1.0,-1.0,[]
tomo_3e7407,500,924,956,19.7,4,257.0,348.0,692.0,"[[257.0, 348.0, 692.0], [241.0, 350.0, 725.0], [265.0, 349.0, 736.0], [231.0, 341.0, 699.0]]"
tomo_3e7783,300,960,928,13.1,1,186.0,531.0,617.0,"[[186.0, 531.0, 617.0]]"
tomo_3eb9c8,300,960,928,13.1,1,150.0,411.0,416.0,"[[150.0, 411.0, 416.0]]"
tomo_401341,300,960,928,13.1,2,166.0,612.0,722.0,"[[166.0, 612.0, 722.0], [190.0, 82.5625, 786.0]]"
tomo_4077d8,300,928,928,15.6,1,73.0,100.0,225.0,"[[73.0, 100.0, 225.0]]"
tomo_40b215,500,924,956,16.1,0,-1.0,-1.0,-1.0,[]
tomo_4102f1,300,928,928,15.6,1,149.0,820.0,485.0,"[[149.0, 820.0, 485.0]]"
tomo_412d88,300,928,928,15.6,1,89.0,103.0,272.0,"[[89.0, 103.0, 272.0]]"
tomo_417e5f,300,960,928,15.6,1,216.0,447.0,556.0,"[[216.0, 447.0, 556.0]]"
tomo_41ea80,500,1024,1440,13.3,0,-1.0,-1.0,-1.0,[]
tomo_423d52,300,960,928,13.1,1,154.0,444.0,456.0,"[[154.0, 444.0, 456.0]]"
tomo_444829,300,928,928,13.1,1,112.0,786.0,641.0,"[[112.0, 786.0, 641.0]]"
tomo_4469a7,300,960,928,16.8,0,-1.0,-1.0,-1.0,[]
tomo_4555b6,500,924,956,19.7,1,190.0,403.0,853.0,"[[190.0, 403.0, 853.0]]"
tomo_455dcd,300,960,928,13.1,1,36.0,660.0,535.0,"[[36.0, 660.0, 535.0]]"
tomo_46250a,300,928,928,15.6,1,170.0,168.0,336.0,"[[170.0, 168.0, 336.0]]"
tomo_464108,800,928,928,13.1,1,278.0,561.5,336.5,"[[278.0, 561.5, 336.5]]"
tomo_466489,300,960,928,16.8,1,186.125,407.0,681.5,"[[186.125, 407.0, 681.5]]"
tomo_47ac94,300,960,928,15.6,2,85.625,570.0,463.0,"[[85.625, 570.0, 463.0], [159.5, 537.0, 143.125]]"
tomo_47c399,300,960,928,13.1,1,168.0,177.0,438.0,"[[168.0, 177.0, 438.0]]"
tomo_47d380,800,928,960,13.1,0,-1.0,-1.0,-1.0,[]
tomo_48dc93,500,924,956,19.7,2,208.0,712.0,483.0,"[[208.0, 712.0, 483.0], [194.0, 706.0, 508.0]]"
tomo_4925ee,300,960,928,19.2,0,-1.0,-1.0,-1.0,[]
tomo_493bea,300,960,928,13.1,1,170.0,380.0,136.0,"[[170.0, 380.0, 136.0]]"
tomo_49725c,300,959,928,15.6,2,150.0,624.0,739.0,"[[150.0, 624.0, 739.0], [109.0, 186.0, 166.0]]"
tomo_499ee0,300,960,928,16.8,0,-1.0,-1.0,-1.0,[]
tomo_49f4ee,300,928,928,13.1,1,166.0,670.0,413.0,"[[166.0, 670.0, 413.0]]"
tomo_4b124b,300,960,928,13.1,1,111.0,505.0,452.0,"[[111.0, 505.0, 452.0]]"
tomo_4b59a2,300,960,928,13.1,1,156.0,491.0,738.0,"[[156.0, 491.0, 738.0]]"
tomo_4baff0,500,924,956,16.1,1,162.5,281.75,814.5,"[[162.5, 281.75, 814.5]]"
tomo_4c1ca8,800,928,960,13.1,0,-1.0,-1.0,-1.0,[]
tomo_4c2e4e,300,960,928,16.8,0,-1.0,-1.0,-1.0,[]
tomo_4d528f,800,928,960,16.1,1,377.25,313.5,814.5,"[[377.25, 313.5, 814.5]]"
tomo_4e1b18,500,924,956,19.7,3,230.125,132.75,158.75,"[[230.125, 132.75, 158.75], [236.625, 145.75, 119.6875], [217.125, 555.0, 847.5]]"
tomo_4e38b8,300,959,928,15.6,1,209.0,753.0,370.0,"[[209.0, 753.0, 370.0]]"
tomo_4e3e37,800,928,960,13.1,0,-1.0,-1.0,-1.0,[]
tomo_4e41c2,800,927,959,13.1,0,-1.0,-1.0,-1.0,[]
tomo_4e478f,300,959,928,15.6,1,117.0,467.0,156.0,"[[117.0, 467.0, 156.0]]"
tomo_4ed9de,300,960,928,15.6,1,173.0,724.0,717.0,"[[173.0, 724.0, 717.0]]"
tomo_4ee35e,300,959,928,15.6,1,157.0,670.0,300.0,"[[157.0, 670.0, 300.0]]"
tomo_4f379f,300,959,928,15.6,1,124.0,535.0,151.0,"[[124.0, 535.0, 151.0]]"
tomo_4f5a7b,300,960,928,13.1,1,170.5,512.5,796.0,"[[170.5, 512.5, 796.0]]"
tomo_507b7a,500,928,960,13.1,3,451.0,561.0,366.0,"[[451.0, 561.0, 366.0], [427.0, 384.0, 353.0], [324.5, 94.75, 348.75]]"
tomo_50cbd9,800,928,960,13.1,1,346.25,629.5,688.5,"[[346.25, 629.5, 688.5]]"
tomo_50f0bf,500,924,956,16.1,1,218.125,265.75,711.0,"[[218.125, 265.75, 711.0]]"
tomo_510f4e,300,928,928,16.8,1,191.0,236.0,381.0,"[[191.0, 236.0, 381.0]]"
tomo_512f98,800,928,960,13.1,0,-1.0,-1.0,-1.0,[]
tomo_513010,300,960,928,13.1,1,128.0,150.0,499.0,"[[128.0, 150.0, 499.0]]"
tomo_516cdd,300,959,928,15.6,1,187.0,739.0,181.0,"[[187.0, 739.0, 181.0]]"
tomo_517f70,300,928,928,13.1,1,66.0,325.0,392.0,"[[66.0, 325.0, 392.0]]"
tomo_518a1f,300,960,928,15.6,1,108.0,564.0,683.0,"[[108.0, 564.0, 683.0]]"
tomo_51a47f,300,960,928,15.6,1,112.0,302.0,207.0,"[[112.0, 302.0, 207.0]]"
tomo_51a77e,500,928,960,13.1,0,-1.0,-1.0,-1.0,[]
tomo_5308e8,800,928,960,16.1,1,337.5,711.0,424.75,"[[337.5, 711.0, 424.75]]"
tomo_532d49,300,960,928,15.6,1,47.0,517.0,252.0,"[[47.0, 517.0, 252.0]]"
tomo_539259,300,960,928,16.8,1,152.0,503.0,613.0,"[[152.0, 503.0, 613.0]]"
tomo_53c71b,800,928,960,13.1,1,405.0,278.0,512.5,"[[405.0, 278.0, 512.5]]"
tomo_53e048,300,960,928,13.1,1,190.0,666.0,542.0,"[[190.0, 666.0, 542.0]]"
tomo_54e1a7,300,928,928,16.8,1,193.75,856.5,597.5,"[[193.75, 856.5, 597.5]]"
tomo_556257,300,959,928,15.6,1,123.0,210.0,434.0,"[[123.0, 210.0, 434.0]]"
tomo_568537,300,960,928,13.1,1,215.0,531.0,386.0,"[[215.0, 531.0, 386.0]]"
tomo_569981,800,928,928,13.1,1,444.0,414.75,356.25,"[[444.0, 414.75, 356.25]]"
tomo_56b9a3,300,928,928,13.1,1,60.0,299.0,498.0,"[[60.0, 299.0, 498.0]]"
tomo_57592d,300,928,928,15.6,1,174.0,904.0,560.0,"[[174.0, 904.0, 560.0]]"
tomo_5764d6,500,928,960,13.1,2,92.0,679.0,580.0,"[[92.0, 679.0, 580.0], [45.90625, 475.75, 827.5]]"
tomo_57c814,300,928,928,13.1,1,168.0,359.0,402.0,"[[168.0, 359.0, 402.0]]"
tomo_5984bf,800,928,960,13.1,0,-1.0,-1.0,-1.0,[]
tomo_59b470,300,960,928,15.6,1,139.0,152.0,631.0,"[[139.0, 152.0, 631.0]]"
tomo_5b087f,300,959,928,15.6,1,159.0,252.0,373.0,"[[159.0, 252.0, 373.0]]"
tomo_5b34b2,300,960,928,13.1,2,112.0,613.0,233.0,"[[112.0, 613.0, 233.0], [63.0, 463.5, 297.5]]"
tomo_5b359d,800,928,960,13.1,0,-1.0,-1.0,-1.0,[]
tomo_5b8db4,800,928,960,13.1,0,-1.0,-1.0,-1.0,[]
tomo_5ba0cf,500,924,956,19.7,2,217.0,627.0,315.0,"[[217.0, 627.0, 315.0], [221.0, 653.0, 333.0]]"
tomo_5bb31c,800,928,928,19.3,0,-1.0,-1.0,-1.0,[]
tomo_5d01e8,500,1024,1440,13.3,0,-1.0,-1.0,-1.0,[]
tomo_5d4c65,500,928,960,13.1,4,190.0,601.0,652.0,"[[190.0, 601.0, 652.0], [180.0, 770.0, 483.0], [187.0, 392.0, 902.0], [145.0, 505.0, 794.0]]"
tomo_5d798e,300,960,928,15.6,1,121.0,349.0,402.0,"[[121.0, 349.0, 402.0]]"
tomo_5dd63d,300,960,928,13.1,1,135.0,823.0,772.0,"[[135.0, 823.0, 772.0]]"
tomo_5e2a91,300,960,928,15.6,2,267.0,574.0,284.0,"[[267.0, 574.0, 284.0], [214.875, 629.0, 522.5]]"
tomo_5f1f0c,300,960,928,16.8,0,-1.0,-1.0,-1.0,[]
tomo_5f235a,300,960,928,13.1,1,119.0,656.0,372.0,"[[119.0, 656.0, 372.0]]"
tomo_5f34b3,500,924,956,19.7,0,-1.0,-1.0,-1.0,[]
tomo_603e40,300,960,928,13.1,1,118.0,123.0,367.0,"[[118.0, 123.0, 367.0]]"
tomo_60d478,300,928,928,13.1,1,75.0,681.0,456.0,"[[75.0, 681.0, 456.0]]"
tomo_60ddbd,300,960,928,13.1,1,69.0,450.0,492.0,"[[69.0, 450.0, 492.0]]"
tomo_616f0b,300,959,928,15.6,1,149.0,874.0,609.0,"[[149.0, 874.0, 609.0]]"
tomo_61e947,800,928,960,13.1,0,-1.0,-1.0,-1.0,[]
tomo_622ca9,300,928,928,13.1,1,88.0,348.0,565.0,"[[88.0, 348.0, 565.0]]"
tomo_62dbea,300,960,928,13.1,1,90.0,656.0,789.0,"[[90.0, 656.0, 789.0]]"
tomo_62eea8,300,960,928,13.1,2,111.0,469.0,334.0,"[[111.0, 469.0, 334.0], [80.125, 603.0, 348.75]]"
tomo_6303f0,300,960,928,13.1,1,199.0,590.0,212.0,"[[199.0, 590.0, 212.0]]"
tomo_634b06,500,928,960,13.1,7,212.0,185.0,728.0,"[[212.0, 185.0, 728.0], [256.0, 516.0, 509.0], [228.0, 422.0, 664.0], [266.0, 491.0, 535.0], [187.625, 339.0, 89.875], [177.875, 461.25, 221.75], [280.5, 236.5, 705.5]]"
tomo_63e635,800,928,960,13.1,0,-1.0,-1.0,-1.0,[]
tomo_640a74,300,960,928,13.1,1,3.0,563.0,673.0,"[[3.0, 563.0, 673.0]]"
tomo_643b20,300,960,928,13.1,1,168.0,387.0,596.0,"[[168.0, 387.0, 596.0]]"
tomo_646049,300,960,928,15.6,1,208.75,143.125,775.0,"[[208.75, 143.125, 775.0]]"
tomo_6478e5,300,960,928,16.8,0,-1.0,-1.0,-1.0,[]
tomo_648adf,400,960,928,15.6,0,-1.0,-1.0,-1.0,[]
tomo_651ec2,500,924,956,16.1,0,-1.0,-1.0,-1.0,[]
tomo_651ecd,300,960,928,13.1,1,152.0,455.0,337.0,"[[152.0, 455.0, 337.0]]"
tomo_6521dc,300,960,928,15.6,3,200.5,463.0,233.375,"[[200.5, 463.0, 233.375], [126.6875, 693.0, 471.25], [151.25, 734.0, 553.5]]"
tomo_656915,500,924,956,19.7,2,202.0,794.0,167.0,"[[202.0, 794.0, 167.0], [186.25, 439.75, 823.0]]"
tomo_6607ec,300,960,928,15.6,0,-1.0,-1.0,-1.0,[]
tomo_66285d,300,928,928,13.1,1,75.0,438.0,640.0,"[[75.0, 438.0, 640.0]]"
tomo_672101,300,960,928,13.1,1,102.0,290.0,581.0,"[[102.0, 290.0, 581.0]]"
tomo_6733fa,300,960,928,13.1,1,133.0,323.0,751.0,"[[133.0, 323.0, 751.0]]"
tomo_675583,300,960,928,16.8,1,187.0,565.0,765.0,"[[187.0, 565.0, 765.0]]"
tomo_67565e,300,959,928,15.6,1,124.0,622.0,610.0,"[[124.0, 622.0, 610.0]]"
tomo_676744,300,960,928,16.8,1,252.0,589.0,491.0,"[[252.0, 589.0, 491.0]]"
tomo_67717e,300,959,928,15.6,2,137.0,280.0,561.0,"[[137.0, 280.0, 561.0], [160.0, 171.0, 404.0]]"
tomo_67ff4e,800,928,960,16.1,0,-1.0,-1.0,-1.0,[]
tomo_68e123,300,928,928,15.6,1,89.0,771.0,530.0,"[[89.0, 771.0, 530.0]]"
tomo_692081,800,928,960,16.1,0,-1.0,-1.0,-1.0,[]
tomo_6943e6,300,960,928,16.8,2,193.75,361.5,338.5,"[[193.75, 361.5, 338.5], [132.875, 430.0, 331.0]]"
tomo_69d7c9,300,960,928,16.8,1,125.1875,422.25,483.25,"[[125.1875, 422.25, 483.25]]"
tomo_6a6a3b,800,928,960,13.1,0,-1.0,-1.0,-1.0,[]
tomo_6a84b7,800,928,960,13.1,0,-1.0,-1.0,-1.0,[]
tomo_6acb9e,300,960,928,13.1,1,80.0,562.0,831.0,"[[80.0, 562.0, 831.0]]"
tomo_6b1fd3,500,924,956,19.7,0,-1.0,-1.0,-1.0,[]
tomo_6bb452,800,928,960,13.1,0,-1.0,-1.0,-1.0,[]
tomo_6bc974,300,928,928,13.1,1,74.0,555.0,610.0,"[[74.0, 555.0, 610.0]]"
tomo_6c203d,300,960,928,13.1,1,165.0,308.0,280.0,"[[165.0, 308.0, 280.0]]"
tomo_6c4df3,500,924,956,19.7,0,-1.0,-1.0,-1.0,[]
tomo_6c5a26,300,960,928,15.6,2,175.0,620.0,478.0,"[[175.0, 620.0, 478.0], [202.625, 637.5, 526.5]]"
tomo_6cb0f0,300,960,928,13.1,1,144.0,657.0,273.0,"[[144.0, 657.0, 273.0]]"
tomo_6cf2df,500,928,960,13.1,2,436.0,261.0,514.0,"[[436.0, 261.0, 514.0], [337.0, 104.0, 450.0]]"
tomo_6d22d1,300,960,928,13.1,1,50.0,797.0,362.0,"[[50.0, 797.0, 362.0]]"
tomo_6df2d6,300,960,928,13.1,1,105.0,788.0,537.0,"[[105.0, 788.0, 537.0]]"
tomo_6e196d,500,1024,1440,13.3,0,-1.0,-1.0,-1.0,[]
tomo_6e237a,300,959,928,15.6,1,119.0,796.0,663.0,"[[119.0, 796.0, 663.0]]"
tomo_6f0ee4,300,959,928,15.6,1,165.0,336.0,202.0,"[[165.0, 336.0, 202.0]]"
tomo_6f2c1f,300,960,928,13.1,1,216.0,608.0,328.0,"[[216.0, 608.0, 328.0]]"
tomo_6f83d4,300,960,928,13.1,1,123.0,424.0,293.0,"[[123.0, 424.0, 293.0]]"
tomo_7036ee,300,960,928,13.1,1,166.0,569.0,724.0,"[[166.0, 569.0, 724.0]]"
tomo_711fad,500,924,956,19.7,0,-1.0,-1.0,-1.0,[]
tomo_71d2c0,800,928,928,19.3,0,-1.0,-1.0,-1.0,[]
tomo_71ece1,300,928,928,13.1,1,149.0,424.0,416.0,"[[149.0, 424.0, 416.0]]"
tomo_72763e,300,959,928,15.6,1,154.0,592.0,875.0,"[[154.0, 592.0, 875.0]]"
tomo_72b187,300,960,928,13.1,1,102.125,844.5,121.625,"[[102.125, 844.5, 121.625]]"
tomo_73173f,300,928,928,13.2,1,142.0,655.0,567.0,"[[142.0, 655.0, 567.0]]"
tomo_736dfa,800,927,959,13.1,0,-1.0,-1.0,-1.0,[]
tomo_738500,300,960,928,15.6,1,200.0,389.0,437.0,"[[200.0, 389.0, 437.0]]"
tomo_746d88,800,928,928,19.3,0,-1.0,-1.0,-1.0,[]
tomo_754447,500,924,956,19.7,3,201.0,207.0,459.0,"[[201.0, 207.0, 459.0], [218.0, 228.0, 445.0], [241.5, 738.5, 254.5]]"
tomo_7550f4,300,960,928,16.8,1,134.0,500.0,710.0,"[[134.0, 500.0, 710.0]]"
tomo_769126,300,960,928,13.1,1,95.0,114.0,566.0,"[[95.0, 114.0, 566.0]]"
tomo_76a42b,300,960,928,13.1,1,181.0,497.0,635.0,"[[181.0, 497.0, 635.0]]"
tomo_774aae,800,928,960,16.1,0,-1.0,-1.0,-1.0,[]
tomo_78b03d,300,960,928,16.8,0,-1.0,-1.0,-1.0,[]
tomo_79756f,300,959,928,15.6,1,206.0,795.0,230.0,"[[206.0, 795.0, 230.0]]"
tomo_79a385,300,960,928,15.6,1,196.0,704.0,676.0,"[[196.0, 704.0, 676.0]]"
tomo_79d622,300,928,928,13.1,1,218.0,308.0,505.0,"[[218.0, 308.0, 505.0]]"
tomo_7a49bd,500,1024,1440,13.3,0,-1.0,-1.0,-1.0,[]
tomo_7a9b64,300,960,928,13.1,1,125.0,402.0,469.0,"[[125.0, 402.0, 469.0]]"
tomo_7b1ee3,300,960,928,13.1,1,182.0,651.0,626.0,"[[182.0, 651.0, 626.0]]"
tomo_7ca7c0,300,928,928,15.6,3,89.0,712.0,107.0,"[[89.0, 712.0, 107.0], [125.0, 335.0, 59.0], [165.0, 580.0, 794.0]]"
tomo_7cf523,300,960,928,16.8,0,-1.0,-1.0,-1.0,[]
tomo_7dc063,800,928,960,13.1,0,-1.0,-1.0,-1.0,[]
tomo_7dcfb8,300,960,928,16.8,0,-1.0,-1.0,-1.0,[]
tomo_7e3494,800,928,960,16.1,0,-1.0,-1.0,-1.0,[]
tomo_7eb641,300,960,928,15.6,0,-1.0,-1.0,-1.0,[]
tomo_7f0184,300,960,928,13.1,1,228.0,331.0,350.0,"[[228.0, 331.0, 350.0]]"
tomo_7fa3b1,300,960,928,19.2,0,-1.0,-1.0,-1.0,[]
tomo_7fbc49,300,960,928,13.1,1,0.0,556.0,359.0,"[[0.0, 556.0, 359.0]]"
tomo_806a8f,300,960,928,13.1,1,110.0,749.0,427.0,"[[110.0, 749.0, 427.0]]"
tomo_80bf0f,500,960,928,16.8,0,-1.0,-1.0,-1.0,[]
tomo_813916,800,928,960,13.1,0,-1.0,-1.0,-1.0,[]
tomo_81445c,300,960,928,13.1,1,102.0,807.0,233.0,"[[102.0, 807.0, 233.0]]"
tomo_8174f5,500,1024,1440,13.3,0,-1.0,-1.0,-1.0,[]
tomo_821255,300,960,928,15.6,0,-1.0,-1.0,-1.0,[]
tomo_823bc7,300,960,928,13.1,1,160.0,356.0,805.0,"[[160.0, 356.0, 805.0]]"
tomo_82d780,300,960,928,15.6,1,107.0,366.0,574.0,"[[107.0, 366.0, 574.0]]"
tomo_8351d1,500,1024,1440,13.3,0,-1.0,-1.0,-1.0,[]
tomo_84997e,300,959,928,15.6,1,139.0,813.0,688.0,"[[139.0, 813.0, 688.0]]"
tomo_8554af,300,960,928,15.6,1,93.0,254.0,549.0,"[[93.0, 254.0, 549.0]]"
tomo_85708b,800,928,960,16.1,0,-1.0,-1.0,-1.0,[]
tomo_85edfd,300,960,928,16.8,0,-1.0,-1.0,-1.0,[]
tomo_85fa87,300,959,928,15.6,1,152.0,369.0,41.0,"[[152.0, 369.0, 41.0]]"
tomo_8634ee,800,928,960,13.1,1,405.0,180.25,170.5,"[[405.0, 180.25, 170.5]]"
tomo_868255,300,960,928,15.6,1,243.0,373.0,784.0,"[[243.0, 373.0, 784.0]]"
tomo_881d84,300,960,928,16.8,1,189.0,527.0,393.0,"[[189.0, 527.0, 393.0]]"
tomo_88af60,500,1024,1440,13.3,0,-1.0,-1.0,-1.0,[]
tomo_891730,300,960,928,13.1,1,244.0,193.0,387.0,"[[244.0, 193.0, 387.0]]"
tomo_891afe,300,960,928,16.8,0,-1.0,-1.0,-1.0,[]
tomo_89d156,300,928,928,13.1,1,138.0,410.0,351.0,"[[138.0, 410.0, 351.0]]"
tomo_8acc4b,500,1024,1440,13.3,0,-1.0,-1.0,-1.0,[]
tomo_8b6795,300,960,928,13.1,1,141.0,220.0,159.0,"[[141.0, 220.0, 159.0]]"
tomo_8c13d9,300,928,928,13.1,1,119.0,442.0,285.0,"[[119.0, 442.0, 285.0]]"
tomo_8d231b,300,960,928,15.6,0,-1.0,-1.0,-1.0,[]
tomo_8d2d48,300,924,956,19.7,4,117.0,683.0,609.0,"[[117.0, 683.0, 609.0], [154.0, 374.0, 806.0], [115.0, 721.0, 604.0], [136.0, 358.0, 856.0]]"
tomo_8d5995,300,960,928,15.6,0,-1.0,-1.0,-1.0,[]
tomo_8e30f5,300,960,928,15.6,0,-1.0,-1.0,-1.0,[]
tomo_8e4919,300,960,928,15.6,0,-1.0,-1.0,-1.0,[]
tomo_8e4f7d,300,960,928,13.1,1,131.0,593.0,480.0,"[[131.0, 593.0, 480.0]]"
tomo_8e58f1,300,960,928,15.6,1,111.0,422.0,280.0,"[[111.0, 422.0, 280.0]]"
tomo_8e8368,300,959,928,15.6,1,169.0,295.0,600.0,"[[169.0, 295.0, 600.0]]"
tomo_8e90f9,300,960,928,16.8,1,157.0,396.0,707.0,"[[157.0, 396.0, 707.0]]"
tomo_8ee8fd,300,960,928,16.1,1,180.375,562.0,299.5,"[[180.375, 562.0, 299.5]]"
tomo_8f063a,300,960,928,13.1,1,159.0,382.0,99.0,"[[159.0, 382.0, 99.0]]"
tomo_8f4d60,300,960,928,15.6,1,120.0,450.0,457.0,"[[120.0, 450.0, 457.0]]"
tomo_8f5995,300,960,928,13.1,1,157.0,330.0,220.0,"[[157.0, 330.0, 220.0]]"
tomo_91031e,300,960,928,16.8,0,-1.0,-1.0,-1.0,[]
tomo_918e2b,300,960,928,13.1,1,210.0,489.0,540.0,"[[210.0, 489.0, 540.0]]"
tomo_91beab,500,924,956,19.7,0,-1.0,-1.0,-1.0,[]
tomo_91c84c,300,960,928,15.6,2,126.0,462.0,638.0,"[[126.0, 462.0, 638.0], [108.1875, 432.25, 637.5]]"
tomo_935ae0,300,960,928,13.1,1,133.0,578.0,123.0,"[[133.0, 578.0, 123.0]]"
tomo_935f8a,300,960,928,16.8,0,-1.0,-1.0,-1.0,[]
tomo_93c0b4,300,960,928,13.1,1,43.0,683.0,320.0,"[[43.0, 683.0, 320.0]]"
tomo_94a841,300,960,928,15.6,0,-1.0,-1.0,-1.0,[]
tomo_94c173,300,960,928,13.1,1,59.0,541.0,369.0,"[[59.0, 541.0, 369.0]]"
tomo_957567,300,960,928,13.1,0,-1.0,-1.0,-1.0,[]
tomo_95c0eb,800,927,959,13.1,0,-1.0,-1.0,-1.0,[]
tomo_95e699,300,960,928,13.1,1,150.0,344.0,439.0,"[[150.0, 344.0, 439.0]]"
tomo_9674bf,300,960,928,13.1,1,90.0,601.0,156.0,"[[90.0, 601.0, 156.0]]"
tomo_971966,500,924,956,16.1,3,218.125,75.0,480.5,"[[218.125, 75.0, 480.5], [242.0, 838.5, 496.5], [218.125, 838.5, 480.5]]"
tomo_9722d1,500,924,956,19.7,2,286.0,80.0,642.0,"[[286.0, 80.0, 642.0], [269.0, 67.0, 670.0]]"
tomo_974fd4,300,928,928,16.8,1,155.75,643.5,323.25,"[[155.75, 643.5, 323.25]]"
tomo_975287,500,924,956,19.7,0,-1.0,-1.0,-1.0,[]
tomo_97876d,800,928,960,13.1,1,346.25,610.0,590.5,"[[346.25, 610.0, 590.5]]"
tomo_97a2c6,300,959,928,15.6,1,158.0,404.0,182.0,"[[158.0, 404.0, 182.0]]"
tomo_983fce,500,928,960,13.1,0,-1.0,-1.0,-1.0,[]
tomo_98686a,300,960,928,13.1,1,226.0,586.0,545.0,"[[226.0, 586.0, 545.0]]"
tomo_98d455,300,959,928,15.6,1,173.0,799.0,162.0,"[[173.0, 799.0, 162.0]]"
tomo_997240,500,924,956,19.7,3,179.0,489.0,869.0,"[[179.0, 489.0, 869.0], [199.0, 483.0, 882.0], [212.25, 638.0, 904.5]]"
tomo_997437,300,959,928,15.6,1,123.0,754.0,764.0,"[[123.0, 754.0, 764.0]]"
tomo_9986f0,300,960,928,13.1,1,208.0,556.0,376.0,"[[208.0, 556.0, 376.0]]"
tomo_9997b3,300,960,928,15.6,1,237.0,491.0,442.0,"[[237.0, 491.0, 442.0]]"
tomo_99a3ce,300,960,928,13.1,1,81.0,574.0,665.0,"[[81.0, 574.0, 665.0]]"
tomo_9a7701,500,924,956,19.7,6,166.0,258.0,87.0,"[[166.0, 258.0, 87.0], [220.0, 221.0, 762.0], [191.0, 252.0, 92.0], [213.0, 251.0, 804.0], [206.0, 231.0, 783.0], [229.0, 237.0, 794.0]]"
tomo_9ae65f,500,924,956,19.7,1,210.625,678.5,379.5,"[[210.625, 678.5, 379.5]]"
tomo_9aee96,800,928,960,13.1,0,-1.0,-1.0,-1.0,[]
tomo_9c0253,300,960,928,13.1,1,209.0,408.0,821.0,"[[209.0, 408.0, 821.0]]"
tomo_9cd09e,300,960,928,13.1,2,124.0,817.0,772.0,"[[124.0, 817.0, 772.0], [129.0, 783.5, 862.0]]"
tomo_9cde9d,600,928,928,19.3,0,-1.0,-1.0,-1.0,[]
tomo_9d3a0e,300,960,928,13.1,1,157.0,787.0,355.0,"[[157.0, 787.0, 355.0]]"
tomo_9dbc12,500,924,956,16.1,0,-1.0,-1.0,-1.0,[]
tomo_9ed470,300,959,928,15.6,1,160.0,270.0,665.0,"[[160.0, 270.0, 665.0]]"
tomo_9f1828,300,959,928,15.6,1,113.0,219.0,665.0,"[[113.0, 219.0, 665.0]]"
tomo_9f222a,300,960,928,16.8,1,141.0,302.0,522.0,"[[141.0, 302.0, 522.0]]"
tomo_9f424e,800,928,928,19.3,0,-1.0,-1.0,-1.0,[]
tomo_9f918e,800,928,960,16.1,0,-1.0,-1.0,-1.0,[]
tomo_9fc2b6,300,960,928,13.1,1,128.0,728.0,570.0,"[[128.0, 728.0, 570.0]]"
tomo_a020d7,300,928,928,13.1,1,202.0,438.0,320.0,"[[202.0, 438.0, 320.0]]"
tomo_a0cb00,300,960,928,13.1,1,88.0,529.0,700.0,"[[88.0, 529.0, 700.0]]"
tomo_a1a9a3,300,960,928,15.6,1,78.0,590.0,125.0,"[[78.0, 590.0, 125.0]]"
tomo_a2a928,300,960,928,16.8,1,125.1875,506.25,651.0,"[[125.1875, 506.25, 651.0]]"
tomo_a2bf30,300,960,928,16.8,1,152.0,260.0,464.0,"[[152.0, 260.0, 464.0]]"
tomo_a37a5c,300,959,928,15.6,1,161.0,748.0,709.0,"[[161.0, 748.0, 709.0]]"
tomo_a3ed10,800,928,960,13.1,0,-1.0,-1.0,-1.0,[]
tomo_a46b26,300,960,928,15.6,1,175.0,492.0,658.0,"[[175.0, 492.0, 658.0]]"
tomo_a4c52f,300,960,928,15.6,1,94.0,421.0,402.0,"[[94.0, 421.0, 402.0]]"
tomo_a4f419,800,928,960,16.1,0,-1.0,-1.0,-1.0,[]
tomo_a537dd,300,960,928,15.6,1,49.0,512.0,373.0,"[[49.0, 512.0, 373.0]]"
tomo_a549d6,300,960,928,13.1,2,170.0,355.0,735.0,"[[170.0, 355.0, 735.0], [97.0, 268.0, 771.0]]"
tomo_a5ac23,300,959,928,15.6,2,171.0,438.0,138.0,"[[171.0, 438.0, 138.0], [169.0, 574.0, 895.0]]"
tomo_a6646f,800,928,960,13.1,0,-1.0,-1.0,-1.0,[]
tomo_a67e9f,500,924,956,19.7,2,277.0,158.0,774.0,"[[277.0, 158.0, 774.0], [274.0, 98.5625, 475.5]]"
tomo_a72a52,800,928,960,13.1,0,-1.0,-1.0,-1.0,[]
tomo_a75c98,300,960,928,13.1,1,107.0,456.0,346.0,"[[107.0, 456.0, 346.0]]"
tomo_a8073d,500,928,960,13.1,3,387.0,59.0,188.0,"[[387.0, 59.0, 188.0], [433.0, 475.0, 352.0], [435.0, 308.0, 285.0]]"
tomo_a81e01,300,959,928,15.6,1,162.0,278.0,70.0,"[[162.0, 278.0, 70.0]]"
tomo_a84050,300,928,928,13.1,2,80.0,771.0,150.0,"[[80.0, 771.0, 150.0], [150.0, 458.0, 606.0]]"
tomo_a8bf76,300,960,928,13.1,1,143.0,335.0,383.0,"[[143.0, 335.0, 383.0]]"
tomo_a910fe,300,960,928,13.1,1,78.0,377.0,326.0,"[[78.0, 377.0, 326.0]]"
tomo_a9d067,500,924,956,19.7,3,250.0,657.0,564.0,"[[250.0, 657.0, 564.0], [199.0, 666.0, 725.0], [192.0, 642.0, 745.0]]"
tomo_aaa1fd,300,960,928,15.6,0,-1.0,-1.0,-1.0,[]
tomo_ab30af,500,1024,1440,13.3,0,-1.0,-1.0,-1.0,[]
tomo_ab78d0,800,928,960,13.1,1,395.25,307.25,473.5,"[[395.25, 307.25, 473.5]]"
tomo_ab804d,800,928,960,13.1,1,366.0,375.75,678.5,"[[366.0, 375.75, 678.5]]"
tomo_abac2e,300,959,928,15.6,1,155.0,535.0,96.0,"[[155.0, 535.0, 96.0]]"
tomo_abb45a,300,960,928,13.1,1,156.0,748.0,688.0,"[[156.0, 748.0, 688.0]]"
tomo_abbd3b,800,928,928,19.3,0,-1.0,-1.0,-1.0,[]
tomo_ac4f0d,800,928,960,16.1,0,-1.0,-1.0,-1.0,[]
tomo_ac9fef,500,924,956,19.7,1,165.125,2.748046875,444.5,"[[165.125, 2.748046875, 444.5]]"
tomo_acadd7,300,960,928,15.6,1,60.0,488.0,759.0,"[[60.0, 488.0, 759.0]]"
tomo_adc026,300,959,928,15.6,1,157.0,432.0,776.0,"[[157.0, 432.0, 776.0]]"
tomo_ae347a,500,924,956,19.7,3,180.0,775.0,596.0,"[[180.0, 775.0, 596.0], [206.0, 788.0, 581.0], [248.0, 10.8671875, 475.5]]"
tomo_aeaf51,500,1024,1440,13.3,0,-1.0,-1.0,-1.0,[]
tomo_aec312,500,924,956,19.7,3,239.0,542.0,381.0,"[[239.0, 542.0, 381.0], [250.0, 532.0, 407.0], [225.25, 875.0, 693.0]]"
tomo_aff073,500,924,956,16.1,3,258.0,615.5,687.0,"[[258.0, 615.5, 687.0], [202.25, 67.0625, 59.125], [249.875, 409.0, 695.0]]"
tomo_b03f81,300,960,928,13.1,1,116.0,439.0,767.0,"[[116.0, 439.0, 767.0]]"
tomo_b0ded6,500,924,956,19.7,2,247.0,335.0,838.0,"[[247.0, 335.0, 838.0], [267.0, 343.0, 834.0]]"
tomo_b0e5c6,300,928,928,15.6,2,133.0,593.0,861.0,"[[133.0, 593.0, 861.0], [165.625, 260.0, 256.0]]"
tomo_b10aa4,300,960,928,15.6,0,-1.0,-1.0,-1.0,[]
tomo_b11ddc,300,960,928,19.2,1,111.1875,364.5,167.875,"[[111.1875, 364.5, 167.875]]"
tomo_b18127,500,924,956,19.7,0,-1.0,-1.0,-1.0,[]
tomo_b24f1a,300,960,928,15.6,0,-1.0,-1.0,-1.0,[]
tomo_b28579,800,927,959,13.1,0,-1.0,-1.0,-1.0,[]
tomo_b2b342,300,960,928,15.6,0,-1.0,-1.0,-1.0,[]
tomo_b2eb0c,500,1024,1440,13.3,0,-1.0,-1.0,-1.0,[]
tomo_b2ebbc,300,960,928,13.1,1,107.0,461.0,234.0,"[[107.0, 461.0, 234.0]]"
tomo_b33d4e,500,928,960,13.1,3,434.0,237.0,734.0,"[[434.0, 237.0, 734.0], [412.0, 285.0, 769.0], [451.5, 857.0, 358.5]]"
tomo_b4a1f0,500,924,956,19.7,5,208.0,723.0,402.0,"[[208.0, 723.0, 402.0], [226.0, 723.0, 373.0], [223.0, 679.0, 886.0], [202.0, 716.0, 367.0], [251.25, 62.84375, 231.75]]"
tomo_b4d92b,300,960,928,13.1,1,96.0,625.0,647.0,"[[96.0, 625.0, 647.0]]"
tomo_b4d9da,800,928,960,13.1,0,-1.0,-1.0,-1.0,[]
tomo_b50c0f,300,928,928,15.6,1,143.0,710.0,779.0,"[[143.0, 710.0, 779.0]]"
tomo_b54396,300,960,928,13.1,1,40.0,630.0,335.0,"[[40.0, 630.0, 335.0]]"
tomo_b7becf,800,927,959,13.1,0,-1.0,-1.0,-1.0,[]
tomo_b7d014,500,928,960,13.1,4,176.0,381.0,274.0,"[[176.0, 381.0, 274.0], [181.0, 556.0, 329.0], [300.0, 568.5, 324.5], [236.5, 383.0, 265.75]]"
tomo_b7d94c,300,960,928,13.1,1,105.0,747.0,659.0,"[[105.0, 747.0, 659.0]]"
tomo_b80310,300,928,928,13.1,1,123.0,429.0,296.0,"[[123.0, 429.0, 296.0]]"
tomo_b8595d,300,928,928,16.8,0,-1.0,-1.0,-1.0,[]
tomo_b87c8e,300,960,928,13.1,1,141.125,326.75,463.5,"[[141.125, 326.75, 463.5]]"
tomo_b8f096,300,960,928,13.1,1,142.0,596.0,584.0,"[[142.0, 596.0, 584.0]]"
tomo_b9088c,300,960,928,15.6,0,-1.0,-1.0,-1.0,[]
tomo_b93a2d,300,960,928,16.8,0,-1.0,-1.0,-1.0,[]
tomo_b98cf6,800,928,960,13.1,0,-1.0,-1.0,-1.0,[]
tomo_b9de3e,500,1024,1440,13.3,0,-1.0,-1.0,-1.0,[]
tomo_b9eb9a,300,960,928,15.6,0,-1.0,-1.0,-1.0,[]
tomo_ba37ec,300,960,928,15.6,1,149.0,601.0,365.0,"[[149.0, 601.0, 365.0]]"
tomo_ba76d8,800,928,928,19.3,0,-1.0,-1.0,-1.0,[]
tomo_ba9b3d,300,959,928,15.6,1,139.0,856.0,343.0,"[[139.0, 856.0, 343.0]]"
tomo_bad724,800,928,960,13.1,1,326.75,678.5,532.0,"[[326.75, 678.5, 532.0]]"
tomo_bad7b3,300,959,928,15.6,2,194.0,383.0,682.0,"[[194.0, 383.0, 682.0], [142.0, 177.0, 745.0]]"
tomo_bb5ac1,300,960,928,16.8,1,138.5,603.5,481.5,"[[138.5, 603.5, 481.5]]"
tomo_bb9df3,300,960,928,15.6,1,244.0,619.0,380.0,"[[244.0, 619.0, 380.0]]"
tomo_bbe766,300,959,928,15.6,1,195.0,855.0,288.0,"[[195.0, 855.0, 288.0]]"
tomo_bc143f,500,924,956,19.7,0,-1.0,-1.0,-1.0,[]
tomo_bcb115,300,960,928,16.8,0,-1.0,-1.0,-1.0,[]
tomo_bd42fa,500,928,960,13.1,1,356.25,346.25,864.0,"[[356.25, 346.25, 864.0]]"
tomo_bdc097,300,960,928,16.8,2,193.75,262.25,468.0,"[[193.75, 262.25, 468.0], [216.625, 567.0, 834.0]]"
tomo_bdd3a0,300,959,928,15.6,1,141.0,814.0,590.0,"[[141.0, 814.0, 590.0]]"
tomo_bde7f3,300,960,928,13.1,1,235.0,542.0,283.0,"[[235.0, 542.0, 283.0]]"
tomo_be4a3a,300,959,928,15.6,1,111.0,602.0,896.0,"[[111.0, 602.0, 896.0]]"
tomo_be9b98,800,928,960,13.1,0,-1.0,-1.0,-1.0,[]
tomo_bebadf,300,960,928,13.1,1,143.0,360.0,410.0,"[[143.0, 360.0, 410.0]]"
tomo_bede89,300,960,928,13.1,1,157.0,597.0,661.0,"[[157.0, 597.0, 661.0]]"
tomo_bf1398,500,924,956,19.7,2,235.0,583.0,185.0,"[[235.0, 583.0, 185.0], [237.0, 549.0, 163.0]]"
tomo_bfd5ea,500,924,956,16.1,0,-1.0,-1.0,-1.0,[]
tomo_bfdf19,300,960,928,15.6,0,-1.0,-1.0,-1.0,[]
tomo_c00ab5,300,960,928,13.1,1,104.0,529.0,464.0,"[[104.0, 529.0, 464.0]]"
tomo_c10f64,300,960,928,19.2,0,-1.0,-1.0,-1.0,[]
tomo_c11e12,300,959,928,15.6,1,171.0,687.0,620.0,"[[171.0, 687.0, 620.0]]"
tomo_c13fbf,500,924,956,19.7,0,-1.0,-1.0,-1.0,[]
tomo_c3619a,300,928,928,16.8,0,-1.0,-1.0,-1.0,[]
tomo_c36b4b,300,960,928,16.8,0,-1.0,-1.0,-1.0,[]
tomo_c36baf,300,960,928,13.1,1,92.0,406.0,660.0,"[[92.0, 406.0, 660.0]]"
tomo_c38e83,500,928,960,13.1,0,-1.0,-1.0,-1.0,[]
tomo_c46d3c,300,960,928,13.1,1,202.0,528.0,592.0,"[[202.0, 528.0, 592.0]]"
tomo_c4a4bb,300,960,928,13.1,1,204.0,616.0,471.0,"[[204.0, 616.0, 471.0]]"
tomo_c4bfe2,800,928,960,13.1,1,453.75,512.5,375.75,"[[453.75, 512.5, 375.75]]"
tomo_c4db00,300,960,928,13.1,0,-1.0,-1.0,-1.0,[]
tomo_c596be,800,928,960,13.1,0,-1.0,-1.0,-1.0,[]
tomo_c649f8,300,960,928,13.1,2,146.0,798.0,635.0,"[[146.0, 798.0, 635.0], [85.0, 847.0, 656.5]]"
tomo_c678d9,300,928,928,16.8,1,142.0,271.0,420.0,"[[142.0, 271.0, 420.0]]"
tomo_c6f50a,300,960,928,16.8,1,102.375,643.5,430.0,"[[102.375, 643.5, 430.0]]"
tomo_c77de0,494,1912,1847,6.5,0,-1.0,-1.0,-1.0,[]
tomo_c7a40f,500,1024,1440,13.3,0,-1.0,-1.0,-1.0,[]
tomo_c7b008,300,960,928,15.6,1,83.0,484.0,854.0,"[[83.0, 484.0, 854.0]]"
tomo_c84b46,300,960,928,16.8,0,-1.0,-1.0,-1.0,[]
tomo_c84b8e,300,960,928,13.1,2,147.0,317.0,681.0,"[[147.0, 317.0, 681.0], [143.625, 676.0, 363.5]]"
tomo_c8f3ce,300,928,928,15.6,1,135.0,173.0,214.0,"[[135.0, 173.0, 214.0]]"
tomo_c925ee,800,927,959,13.1,0,-1.0,-1.0,-1.0,[]
tomo_c9d07c,500,924,956,16.1,1,228.125,359.25,120.75,"[[228.125, 359.25, 120.75]]"
tomo_ca1d13,500,928,960,13.1,1,364.0,72.0,688.0,"[[364.0, 72.0, 688.0]]"
tomo_ca472a,800,928,960,13.1,0,-1.0,-1.0,-1.0,[]
tomo_ca8be0,500,928,928,19.3,0,-1.0,-1.0,-1.0,[]
tomo_cabaa0,500,924,956,19.7,1,262.75,405.5,288.75,"[[262.75, 405.5, 288.75]]"
tomo_cacb75,300,960,928,15.6,1,240.0,153.0,507.0,"[[240.0, 153.0, 507.0]]"
tomo_cad74b,500,928,960,13.1,4,388.0,838.0,639.0,"[[388.0, 838.0, 639.0], [398.0, 657.0, 562.0], [389.0, 239.0, 380.0], [348.75, 80.125, 324.5]]"
tomo_cae587,300,960,928,15.6,0,-1.0,-1.0,-1.0,[]
tomo_cb5ec6,800,928,960,16.1,0,-1.0,-1.0,-1.0,[]
tomo_cc2b5c,300,960,928,16.8,1,118.0,443.0,477.0,"[[118.0, 443.0, 477.0]]"
tomo_cc3fc4,300,960,928,13.1,1,199.0,389.0,218.0,"[[199.0, 389.0, 218.0]]"
tomo_cc65a9,300,960,928,15.6,1,136.0,266.0,486.0,"[[136.0, 266.0, 486.0]]"
tomo_cd1a7c,300,960,928,16.8,1,162.0,487.0,703.0,"[[162.0, 487.0, 703.0]]"
tomo_cf0875,300,960,928,13.1,1,41.0,560.0,664.0,"[[41.0, 560.0, 664.0]]"
tomo_cf53d0,300,928,928,13.1,1,235.0,393.0,316.0,"[[235.0, 393.0, 316.0]]"
tomo_cf5bfc,800,928,960,13.1,0,-1.0,-1.0,-1.0,[]
tomo_cff77a,300,960,928,15.6,1,242.0,490.0,536.0,"[[242.0, 490.0, 536.0]]"
tomo_d0699e,300,960,928,16.8,0,-1.0,-1.0,-1.0,[]
tomo_d0aa3b,300,928,928,15.6,1,164.0,625.0,792.0,"[[164.0, 625.0, 792.0]]"
tomo_d0c025,300,960,928,13.1,1,158.0,570.0,719.0,"[[158.0, 570.0, 719.0]]"
tomo_d0d9b6,800,927,959,13.1,1,424.5,287.75,835.0,"[[424.5, 287.75, 835.0]]"
tomo_d21396,300,959,928,15.6,1,116.0,218.0,382.0,"[[116.0, 218.0, 382.0]]"
tomo_d23087,300,960,928,13.1,1,88.0,475.0,357.0,"[[88.0, 475.0, 357.0]]"
tomo_d2339b,300,960,928,13.1,1,105.0,626.0,532.0,"[[105.0, 626.0, 532.0]]"
tomo_d26fcb,300,960,928,13.1,1,118.0,305.0,573.0,"[[118.0, 305.0, 573.0]]"
tomo_d2b1bc,300,960,928,13.1,1,95.0,535.0,192.0,"[[95.0, 535.0, 192.0]]"
tomo_d31c96,800,928,960,13.1,2,375.75,326.75,453.75,"[[375.75, 326.75, 453.75], [395.25, 366.0, 708.0]]"
tomo_d396b5,300,960,928,15.6,1,164.0,518.0,115.0,"[[164.0, 518.0, 115.0]]"
tomo_d3bef7,300,960,928,13.1,1,128.0,657.0,645.0,"[[128.0, 657.0, 645.0]]"
tomo_d5465a,800,928,960,13.1,0,-1.0,-1.0,-1.0,[]
tomo_d56709,500,924,956,19.7,2,168.0,480.0,875.0,"[[168.0, 480.0, 875.0], [190.0, 452.0, 888.0]]"
tomo_d5aa20,800,928,960,16.1,1,361.25,369.25,51.1875,"[[361.25, 369.25, 51.1875]]"
tomo_d634b7,300,960,928,13.1,1,123.0,559.0,382.0,"[[123.0, 559.0, 382.0]]"
tomo_d662b0,500,924,956,19.7,6,222.0,894.0,385.0,"[[222.0, 894.0, 385.0], [204.0, 565.0, 711.0], [214.0, 423.0, 190.0], [206.0, 394.0, 173.0], [189.0, 534.0, 695.0], [183.0, 554.0, 708.0]]"
tomo_d6c63f,300,960,928,13.1,1,173.0,636.0,698.0,"[[173.0, 636.0, 698.0]]"
tomo_d6e3c7,300,928,928,16.8,0,-1.0,-1.0,-1.0,[]
tomo_d723cd,800,928,960,16.1,0,-1.0,-1.0,-1.0,[]
tomo_d7475d,300,960,928,15.6,1,143.0,221.0,440.0,"[[143.0, 221.0, 440.0]]"
tomo_d83ff4,300,959,928,15.6,1,115.0,685.0,701.0,"[[115.0, 685.0, 701.0]]"
tomo_d84544,300,960,928,13.1,1,55.0,586.0,602.0,"[[55.0, 586.0, 602.0]]"
tomo_d8c917,800,928,960,13.1,0,-1.0,-1.0,-1.0,[]
tomo_d916dc,300,960,928,16.8,1,163.0,524.0,365.0,"[[163.0, 524.0, 365.0]]"
tomo_d96d6e,800,928,960,13.1,0,-1.0,-1.0,-1.0,[]
tomo_d9a2af,300,960,928,13.1,1,102.0,830.0,385.0,"[[102.0, 830.0, 385.0]]"
tomo_da38ea,300,959,928,15.6,1,134.0,299.0,278.0,"[[134.0, 299.0, 278.0]]"
tomo_da79d8,500,924,956,19.7,4,223.0,206.0,491.0,"[[223.0, 206.0, 491.0], [218.0, 165.0, 493.0], [239.0, 186.0, 492.0], [205.0, 184.0, 492.0]]"
tomo_dae195,800,928,960,16.1,0,-1.0,-1.0,-1.0,[]
tomo_db2a10,300,928,928,16.8,0,-1.0,-1.0,-1.0,[]
tomo_db4517,300,960,928,13.1,1,178.0,774.0,687.0,"[[178.0, 774.0, 687.0]]"
tomo_db6051,500,928,960,13.1,0,-1.0,-1.0,-1.0,[]
tomo_db656f,300,959,928,15.6,1,130.0,278.0,563.0,"[[130.0, 278.0, 563.0]]"
tomo_dbc66d,300,960,928,16.8,0,-1.0,-1.0,-1.0,[]
tomo_dc9a96,500,1024,1440,13.3,0,-1.0,-1.0,-1.0,[]
tomo_dcb9b4,300,960,928,15.6,1,153.0,493.0,359.0,"[[153.0, 493.0, 359.0]]"
tomo_dd36c9,500,924,956,16.1,0,-1.0,-1.0,-1.0,[]
tomo_decb81,300,960,928,15.6,1,59.0,588.0,478.0,"[[59.0, 588.0, 478.0]]"
tomo_dee783,300,960,928,15.6,0,-1.0,-1.0,-1.0,[]
tomo_df866a,300,960,928,16.8,0,-1.0,-1.0,-1.0,[]
tomo_dfc627,300,960,928,13.1,2,97.0,353.0,766.0,"[[97.0, 353.0, 766.0], [221.75, 915.5, 471.0]]"
tomo_dfdc32,500,924,956,19.7,0,-1.0,-1.0,-1.0,[]
tomo_e0739f,300,960,928,16.8,0,-1.0,-1.0,-1.0,[]
tomo_e1a034,300,960,928,19.2,0,-1.0,-1.0,-1.0,[]
tomo_e1e5d3,300,960,928,13.1,1,21.0,564.0,452.0,"[[21.0, 564.0, 452.0]]"
tomo_e22370,500,924,956,19.7,7,253.0,741.0,255.0,"[[253.0, 741.0, 255.0], [254.0, 737.0, 296.0], [242.0, 742.0, 278.0], [134.375, 335.75, 816.5], [199.25, 20.609375, 290.25], [176.5, 17.375, 277.25], [189.5, 371.5, 664.0]]"
tomo_e26c6b,300,928,928,15.6,1,133.0,174.0,317.0,"[[133.0, 174.0, 317.0]]"
tomo_e2a336,800,928,928,19.3,1,354.25,672.5,719.0,"[[354.25, 672.5, 719.0]]"
tomo_e2ccab,300,928,928,15.6,1,119.0,353.0,80.0,"[[119.0, 353.0, 80.0]]"
tomo_e2da77,800,928,960,13.1,1,346.25,453.75,473.5,"[[346.25, 453.75, 473.5]]"
tomo_e32b81,300,960,928,15.6,0,-1.0,-1.0,-1.0,[]
tomo_e34af8,300,960,928,15.6,1,249.0,359.0,500.0,"[[249.0, 359.0, 500.0]]"
tomo_e3864f,800,928,928,19.3,0,-1.0,-1.0,-1.0,[]
tomo_e50f04,300,960,928,16.8,0,-1.0,-1.0,-1.0,[]
tomo_e51e5e,300,959,928,15.6,1,153.0,860.0,588.0,"[[153.0, 860.0, 588.0]]"
tomo_e55f81,300,960,928,16.8,0,-1.0,-1.0,-1.0,[]
tomo_e57baf,300,959,928,15.6,1,108.0,394.0,143.0,"[[108.0, 394.0, 143.0]]"
tomo_e5a091,500,960,928,16.8,0,-1.0,-1.0,-1.0,[]
tomo_e5ac94,300,960,928,13.1,1,161.0,481.0,342.0,"[[161.0, 481.0, 342.0]]"
tomo_e61cdf,300,959,928,15.6,1,149.0,278.0,377.0,"[[149.0, 278.0, 377.0]]"
tomo_e63ab4,300,960,928,13.1,1,157.0,415.0,265.0,"[[157.0, 415.0, 265.0]]"
tomo_e685b8,300,959,928,15.6,1,185.0,167.0,466.0,"[[185.0, 167.0, 466.0]]"
tomo_e6f7f7,300,960,928,13.1,2,180.0,548.0,267.0,"[[180.0, 548.0, 267.0], [187.625, 534.5, 319.5]]"
tomo_e71210,300,960,928,15.6,1,189.0,521.0,453.0,"[[189.0, 521.0, 453.0]]"
tomo_e72e60,300,960,928,13.1,1,151.0,649.5,747.0,"[[151.0, 649.5, 747.0]]"
tomo_e764a7,500,960,928,16.8,0,-1.0,-1.0,-1.0,[]
tomo_e77217,800,928,960,13.1,0,-1.0,-1.0,-1.0,[]
tomo_e7c195,300,960,928,16.8,0,-1.0,-1.0,-1.0,[]
tomo_e81143,300,960,928,15.6,0,-1.0,-1.0,-1.0,[]
tomo_e8db69,300,960,928,16.8,0,-1.0,-1.0,-1.0,[]
tomo_e96200,300,928,928,16.8,0,-1.0,-1.0,-1.0,[]
tomo_e9b7f2,300,960,928,15.6,0,-1.0,-1.0,-1.0,[]
tomo_e9fa5f,800,928,960,13.1,0,-1.0,-1.0,-1.0,[]
tomo_ea3f3a,300,960,928,16.8,1,197.0,405.0,500.0,"[[197.0, 405.0, 500.0]]"
tomo_eb26ee,500,1024,1440,13.3,0,-1.0,-1.0,-1.0,[]
tomo_eb4fd4,300,959,928,15.6,1,70.0,782.0,30.0,"[[70.0, 782.0, 30.0]]"
tomo_ec1314,300,959,928,15.6,1,153.0,586.0,858.0,"[[153.0, 586.0, 858.0]]"
tomo_ec607b,500,928,960,13.1,3,432.0,159.0,202.0,"[[432.0, 159.0, 202.0], [466.0, 458.0, 301.0], [446.5, 554.0, 392.75]]"
tomo_ecbc12,800,928,960,13.1,1,366.0,493.0,23.921875,"[[366.0, 493.0, 23.921875]]"
tomo_ed1c97,500,924,956,19.7,1,241.0,64.0,186.0,"[[241.0, 64.0, 186.0]]"
tomo_ede779,300,960,928,15.6,1,125.0,217.0,540.0,"[[125.0, 217.0, 540.0]]"
tomo_ef1a1a,300,960,928,19.2,1,131.125,354.5,411.25,"[[131.125, 354.5, 411.25]]"
tomo_efe1f8,300,960,928,13.1,1,41.0,750.0,427.0,"[[41.0, 750.0, 427.0]]"
tomo_f07244,800,928,960,13.1,0,-1.0,-1.0,-1.0,[]
tomo_f0adfc,300,960,928,13.1,1,175.0,550.0,671.0,"[[175.0, 550.0, 671.0]]"
tomo_f1bf2f,800,928,960,13.1,0,-1.0,-1.0,-1.0,[]
tomo_f2fa4a,300,960,928,15.6,1,59.0,434.0,600.0,"[[59.0, 434.0, 600.0]]"
tomo_f36495,800,928,960,13.1,0,-1.0,-1.0,-1.0,[]
tomo_f3e449,300,959,928,15.6,1,174.0,740.0,715.0,"[[174.0, 740.0, 715.0]]"
tomo_f427b3,300,959,928,15.6,1,166.0,272.0,654.0,"[[166.0, 272.0, 654.0]]"
tomo_f672c0,800,928,928,13.1,0,-1.0,-1.0,-1.0,[]
tomo_f6a38a,500,924,956,19.7,4,227.0,234.0,871.0,"[[227.0, 234.0, 871.0], [241.0, 223.0, 849.0], [269.0, 136.0, 395.0], [245.0, 128.0, 376.0]]"
tomo_f6de9b,800,928,960,16.1,0,-1.0,-1.0,-1.0,[]
tomo_f71c16,800,928,960,16.1,0,-1.0,-1.0,-1.0,[]
tomo_f76529,300,960,928,15.6,1,31.0,586.0,683.0,"[[31.0, 586.0, 683.0]]"
tomo_f78e91,300,960,928,13.1,1,95.0,469.0,387.0,"[[95.0, 469.0, 387.0]]"
tomo_f7f28b,300,960,928,15.6,0,-1.0,-1.0,-1.0,[]
tomo_f82a15,500,924,956,16.1,0,-1.0,-1.0,-1.0,[]
tomo_f871ad,300,960,928,13.1,1,157.0,642.0,115.0,"[[157.0, 642.0, 115.0]]"
tomo_f8b46e,300,928,928,13.1,1,123.0,728.0,352.0,"[[123.0, 728.0, 352.0]]"
tomo_f8b835,800,928,960,13.1,0,-1.0,-1.0,-1.0,[]
tomo_f94504,500,924,956,16.1,1,273.75,194.25,401.0,"[[273.75, 194.25, 401.0]]"
tomo_fa5d78,800,928,960,13.1,0,-1.0,-1.0,-1.0,[]
tomo_fadbe2,300,928,928,13.1,1,97.0,463.0,425.0,"[[97.0, 463.0, 425.0]]"
tomo_fb08b5,300,959,928,15.6,1,106.0,671.0,559.0,"[[106.0, 671.0, 559.0]]"
tomo_fb6ce6,800,928,928,13.2,0,-1.0,-1.0,-1.0,[]
tomo_fbb49b,300,960,928,16.8,0,-1.0,-1.0,-1.0,[]
tomo_fc1665,500,927,959,13.1,0,-1.0,-1.0,-1.0,[]
tomo_fc3c39,300,960,928,16.8,1,128.0,537.0,491.0,"[[128.0, 537.0, 491.0]]"
tomo_fc5ae4,300,960,928,13.1,1,24.0,513.0,313.0,"[[24.0, 513.0, 313.0]]"
tomo_fc90fd,500,1912,1847,6.5,0,-1.0,-1.0,-1.0,[]
tomo_fd41c4,300,928,928,16.8,0,-1.0,-1.0,-1.0,[]
tomo_fd5b38,300,960,928,16.8,1,184.0,520.0,627.0,"[[184.0, 520.0, 627.0]]"
tomo_fd9357,300,928,928,15.6,1,131.0,364.0,138.0,"[[131.0, 364.0, 138.0]]"
tomo_fe050c,300,959,928,15.6,2,138.0,134.0,542.0,"[[138.0, 134.0, 542.0], [143.125, 93.875, 405.75]]"
tomo_fe85f6,800,928,960,13.1,1,463.5,903.5,747.0,"[[463.5, 903.5, 747.0]]"
tomo_fea6e8,300,960,928,16.8,0,-1.0,-1.0,-1.0,[]
tomo_ff505c,300,959,928,15.6,1,111.0,816.0,678.0,"[[111.0, 816.0, 678.0]]"
tomo_ff7c20,800,928,960,13.1,1,307.25,493.0,63.0,"[[307.25, 493.0, 63.0]]"
