row_id,tomo_id,Motor axis 0,Motor axis 1,Motor axis 2,Array shape (axis 0),Array shape (axis 1),Array shape (axis 2),Voxel spacing,Number of motors,source,conf
0,tomo_003acc,-1.0,-1.0,-1.0,500,1912,1847,6.5,0,origin,1.0
1,tomo_00e047,169.0,546.0,603.0,300,959,928,15.6,1,origin,1.0
2,tomo_00e463,235.0,403.0,137.0,500,924,956,19.7,6,origin,1.0
3,tomo_00e463,243.0,363.0,153.0,500,924,956,19.7,6,origin,1.0
4,tomo_00e463,222.0,379.0,144.0,500,924,956,19.7,6,origin,1.0
5,tomo_00e463,225.0,262.0,628.0,500,924,956,19.7,6,origin,1.0
6,tomo_00e463,225.0,241.0,643.0,500,924,956,19.7,6,origin,1.0
7,tomo_00e463,231.0,289.0,632.0,500,924,956,19.7,6,origin,1.0
8,tomo_01a877,147.0,638.0,286.0,300,960,928,13.1,1,origin,1.0
9,tomo_02862f,101.0,351.0,120.0,300,959,928,15.6,1,origin,1.0
10,tomo_0308c5,-1.0,-1.0,-1.0,300,960,928,15.6,0,origin,1.0
11,tomo_0333fa,-1.0,-1.0,-1.0,300,960,928,16.8,0,round1,1.0
12,tomo_033ebe,88.0,711.0,308.0,300,960,928,13.1,1,origin,1.0
13,tomo_03437b,138.0,864.0,620.0,300,959,928,15.6,1,origin,1.0
14,tomo_0363f2,50.0,574.0,392.0,300,960,928,13.1,1,origin,1.0
15,tomo_040b80,448.75,265.75,766.5,600,928,960,16.1,0,round1,0.5458984375
16,tomo_049310,-1.0,-1.0,-1.0,500,924,956,19.7,0,round1,1.0
17,tomo_04d42b,-1.0,-1.0,-1.0,500,1024,1440,13.3,0,origin,1.0
18,tomo_05b39c,-1.0,-1.0,-1.0,800,928,960,13.1,0,origin,1.0
19,tomo_05df8a,130.0,257.0,762.0,300,928,928,15.6,1,origin,1.0
20,tomo_05f919,121.0,471.0,845.0,300,959,928,15.6,1,origin,1.0
21,tomo_066095,-1.0,-1.0,-1.0,300,960,928,15.6,0,origin,1.0
22,tomo_06e11e,134.875,241.5,487.75,300,960,928,15.6,0,round1,0.07177734375
23,tomo_072a16,-1.0,-1.0,-1.0,300,960,928,16.8,0,origin,1.0
24,tomo_081a2d,152.0,314.0,651.0,300,959,928,15.6,1,origin,1.0
25,tomo_08446f,235.0,740.0,54.0,500,924,956,19.7,2,origin,1.0
26,tomo_08446f,246.0,778.0,45.0,500,924,956,19.7,2,origin,1.0
27,tomo_087d64,-1.0,-1.0,-1.0,800,927,959,13.1,0,origin,1.0
28,tomo_08a6d6,-1.0,-1.0,-1.0,800,928,960,13.1,0,round1,1.0
29,tomo_08bf73,-1.0,-1.0,-1.0,800,928,960,16.1,0,origin,1.0
30,tomo_098751,-1.0,-1.0,-1.0,500,924,956,16.1,0,round1,1.0
31,tomo_0a180f,-1.0,-1.0,-1.0,800,928,960,13.1,0,origin,1.0
32,tomo_0a8f05,52.0,587.0,575.0,300,928,928,13.1,1,origin,1.0
33,tomo_0c2749,-1.0,-1.0,-1.0,300,960,928,15.6,0,round1,1.0
34,tomo_0c3a99,125.0,645.0,227.0,300,959,928,15.6,1,origin,1.0
35,tomo_0c3d78,-1.0,-1.0,-1.0,800,928,960,13.1,0,origin,1.0
36,tomo_0d4c9e,-1.0,-1.0,-1.0,300,960,928,15.6,0,round1,1.0
37,tomo_0da370,28.0,356.0,636.0,300,928,928,13.1,1,origin,1.0
38,tomo_0de3ee,131.0,139.0,326.0,500,928,960,13.1,2,origin,1.0
39,tomo_0de3ee,203.0,642.0,801.0,500,928,960,13.1,2,origin,1.0
40,tomo_0e9757,-1.0,-1.0,-1.0,300,960,928,16.8,0,origin,1.0
41,tomo_0eb41e,-1.0,-1.0,-1.0,300,960,928,16.8,0,round1,1.0
42,tomo_0eb994,161.0,835.0,630.0,300,959,928,15.6,1,origin,1.0
43,tomo_0f9df0,94.0,174.0,599.0,300,960,928,15.6,1,origin,1.0
44,tomo_0fab19,159.0,516.0,681.0,300,959,928,15.6,1,origin,1.0
45,tomo_0fe63f,197.0,362.0,265.0,300,960,928,13.1,1,origin,1.0
46,tomo_101279,161.0,295.0,585.0,300,928,928,13.1,1,origin,1.0
47,tomo_10a3bd,-1.0,-1.0,-1.0,500,1024,1440,13.3,0,origin,1.0
48,tomo_10c564,16.0,455.0,267.0,300,960,928,13.1,1,origin,1.0
49,tomo_122a02,127.0,808.0,140.0,300,959,928,15.6,1,origin,1.0
50,tomo_122c46,-1.0,-1.0,-1.0,300,960,928,16.8,0,origin,1.0
51,tomo_12f896,95.0,404.0,212.0,300,960,928,13.1,1,origin,1.0
52,tomo_13484c,153.0,768.0,658.0,300,928,928,15.6,1,origin,1.0
53,tomo_134bb0,55.0,252.0,173.0,300,959,928,15.6,1,origin,1.0
54,tomo_136c8d,-1.0,-1.0,-1.0,500,924,956,19.7,0,round1,1.0
55,tomo_138018,144.0,233.0,455.0,300,959,928,15.6,1,origin,1.0
56,tomo_13973d,234.0,221.0,808.0,500,924,956,19.7,1,origin,1.0
57,tomo_139d9e,153.0,611.0,172.0,300,959,928,15.6,1,origin,1.0
58,tomo_1446aa,149.0,293.0,601.0,300,960,928,13.1,1,origin,1.0
59,tomo_146de2,-1.0,-1.0,-1.0,500,924,956,16.1,0,origin,1.0
60,tomo_16136a,141.0,566.0,443.0,300,960,928,16.8,1,origin,1.0
61,tomo_161683,186.0,145.0,370.0,300,928,928,15.6,1,origin,1.0
62,tomo_16efa8,183.0,379.0,752.0,300,960,928,13.1,1,origin,1.0
63,tomo_16fce8,-1.0,-1.0,-1.0,300,960,928,15.6,0,round1,1.0
64,tomo_17143f,-1.0,-1.0,-1.0,300,960,928,15.6,0,origin,1.0
65,tomo_172f08,375.75,551.5,893.5,800,928,960,13.1,0,round1,0.60546875
66,tomo_180bfd,-1.0,-1.0,-1.0,300,960,928,16.8,0,origin,1.0
67,tomo_183270,-1.0,-1.0,-1.0,800,928,960,13.1,0,origin,1.0
68,tomo_191bcb,149.0,417.0,500.0,300,960,928,13.1,1,origin,1.0
69,tomo_19a313,67.0,598.0,300.0,300,960,928,13.1,1,origin,1.0
70,tomo_19a4fd,175.0,583.0,468.0,300,960,928,16.8,1,origin,1.0
71,tomo_1ab322,68.0,580.0,583.0,300,960,928,15.6,1,origin,1.0
72,tomo_1af88d,24.0,306.0,619.0,300,960,928,13.1,1,origin,1.0
73,tomo_1b82d1,223.0,716.0,677.0,500,924,956,19.7,4,origin,1.0
74,tomo_1b82d1,210.0,738.0,667.0,500,924,956,19.7,4,origin,1.0
75,tomo_1b82d1,222.0,878.0,470.0,500,924,956,19.7,4,origin,1.0
76,tomo_1b82d1,208.0,697.0,680.0,500,924,956,19.7,4,origin,1.0
77,tomo_1c2534,-1.0,-1.0,-1.0,800,927,959,13.1,0,origin,1.0
78,tomo_1c38fd,103.0,668.0,281.0,300,960,928,15.6,1,origin,1.0
79,tomo_1c75ac,-1.0,-1.0,-1.0,300,960,928,15.6,0,origin,1.0
80,tomo_1cc887,143.0,667.0,192.0,300,928,928,15.6,1,origin,1.0
81,tomo_1da097,34.0,579.0,419.0,500,928,960,13.1,2,origin,1.0
82,tomo_1da097,37.0,652.0,483.0,500,928,960,13.1,2,origin,1.0
83,tomo_1da0da,366.0,444.0,248.625,800,928,960,13.1,0,round1,0.7109375
84,tomo_1dc5f9,184.625,854.0,197.625,500,924,956,19.7,0,round1,0.47412109375
85,tomo_1e9980,-1.0,-1.0,-1.0,300,960,928,16.8,0,origin,1.0
86,tomo_1efc28,123.0,636.0,175.0,300,959,928,15.6,1,origin,1.0
87,tomo_1f0e78,112.0,797.0,264.0,300,959,928,15.6,1,origin,1.0
88,tomo_1fb6a7,-1.0,-1.0,-1.0,300,960,928,16.8,0,origin,1.0
89,tomo_20a9ed,185.0,319.0,560.0,300,960,928,13.1,1,origin,1.0
90,tomo_210371,263.0,584.0,595.0,300,960,928,15.6,1,origin,1.0
91,tomo_221a47,166.0,324.0,563.0,300,960,928,13.1,1,origin,1.0
92,tomo_221c8e,-1.0,-1.0,-1.0,500,928,928,16.8,0,origin,1.0
93,tomo_225d8f,61.0,483.0,497.0,300,960,928,13.1,1,origin,1.0
94,tomo_226cd8,365.0,528.0,607.0,500,928,960,13.1,10,origin,1.0
95,tomo_226cd8,312.0,136.0,99.0,500,928,960,13.1,10,origin,1.0
96,tomo_226cd8,299.0,227.0,70.0,500,928,960,13.1,10,origin,1.0
97,tomo_226cd8,332.0,552.0,58.0,500,928,960,13.1,10,origin,1.0
98,tomo_226cd8,355.0,656.0,165.0,500,928,960,13.1,10,origin,1.0
99,tomo_226cd8,366.0,693.0,269.0,500,928,960,13.1,10,origin,1.0
100,tomo_226cd8,386.0,693.0,319.0,500,928,960,13.1,10,origin,1.0
101,tomo_226cd8,388.0,671.0,433.0,500,928,960,13.1,10,origin,1.0
102,tomo_226cd8,411.0,318.0,740.0,500,928,960,13.1,10,origin,1.0
103,tomo_226cd8,354.0,277.0,756.0,500,928,960,13.1,10,origin,1.0
104,tomo_22976c,-1.0,-1.0,-1.0,500,928,960,13.1,0,origin,1.0
105,tomo_229f0a,-1.0,-1.0,-1.0,500,960,928,16.8,0,origin,1.0
106,tomo_23a8e8,132.0,686.0,356.0,300,960,928,15.6,1,origin,1.0
107,tomo_23c8a4,125.1875,468.0,300.5,300,960,928,16.8,0,round1,0.361083984375
108,tomo_23c8a4,110.0,506.25,308.0,300,960,928,16.8,0,round1,0.17626953125
109,tomo_23ce49,152.0,248.0,532.0,300,959,928,15.6,1,origin,1.0
110,tomo_247826,-1.0,-1.0,-1.0,500,960,928,16.8,0,origin,1.0
111,tomo_24795a,144.0,702.0,703.0,300,960,928,15.6,1,origin,1.0
112,tomo_2483bb,145.0,620.0,483.0,300,960,928,15.6,1,origin,1.0
113,tomo_24a095,-1.0,-1.0,-1.0,800,928,960,13.1,0,origin,1.0
114,tomo_24fda8,-1.0,-1.0,-1.0,300,960,928,15.6,0,origin,1.0
115,tomo_256717,172.0,770.0,514.0,300,928,928,15.6,1,origin,1.0
116,tomo_25780f,147.0,792.0,658.0,300,960,928,13.1,1,origin,1.0
117,tomo_2645a0,-1.0,-1.0,-1.0,300,960,928,16.8,0,origin,1.0
118,tomo_278194,-1.0,-1.0,-1.0,300,960,928,19.2,0,origin,1.0
119,tomo_285454,-1.0,-1.0,-1.0,300,956,924,16.1,0,round1,1.0
120,tomo_285d15,137.0,391.0,611.0,300,960,928,13.1,1,origin,1.0
121,tomo_288d4f,-1.0,-1.0,-1.0,300,960,928,16.8,0,origin,1.0
122,tomo_28f9c1,186.375,75.0,130.625,500,924,956,16.1,0,round1,0.22802734375
123,tomo_2a6091,185.0,492.0,635.0,300,960,928,13.1,1,origin,1.0
124,tomo_2a6ca2,32.0,528.0,347.0,300,960,928,13.1,1,origin,1.0
125,tomo_2a89bb,273.75,592.0,902.0,800,928,960,16.1,0,round1,0.6640625
126,tomo_2acf68,135.0,337.0,679.0,300,960,928,13.1,1,origin,1.0
127,tomo_2aeb29,-1.0,-1.0,-1.0,800,927,959,13.1,0,round1,1.0
128,tomo_2b3cdf,134.0,173.0,662.0,300,960,928,13.1,2,round1,1.0
129,tomo_2b3cdf,111.875,698.0,317.0,300,960,928,13.1,2,round1,0.74169921875
130,tomo_2b996c,-1.0,-1.0,-1.0,300,960,928,16.8,0,round1,1.0
131,tomo_2bb588,97.0,709.0,611.0,300,960,928,13.1,1,origin,1.0
132,tomo_2c607f,108.0,349.0,527.0,300,960,928,13.1,1,origin,1.0
133,tomo_2c8ea2,85.0,176.0,395.0,300,959,928,15.6,1,origin,1.0
134,tomo_2c9da1,207.0,258.0,617.0,300,960,928,13.1,1,origin,1.0
135,tomo_2c9f35,94.75,514.0,719.5,300,960,928,16.8,0,round1,0.424560546875
136,tomo_2cace2,-1.0,-1.0,-1.0,300,960,928,16.8,0,round1,1.0
137,tomo_2daaee,185.0,596.0,860.0,500,924,956,19.7,4,origin,1.0
138,tomo_2daaee,210.0,606.0,849.0,500,924,956,19.7,4,origin,1.0
139,tomo_2daaee,263.0,163.0,752.0,500,924,956,19.7,4,origin,1.0
140,tomo_2daaee,193.0,566.0,857.0,500,924,956,19.7,4,origin,1.0
141,tomo_2dcd5c,125.0,414.0,519.0,300,960,928,13.1,1,origin,1.0
142,tomo_2dd6bd,-1.0,-1.0,-1.0,300,928,928,16.8,0,round1,1.0
143,tomo_2e1f4c,73.0,86.0,334.0,300,959,928,15.6,1,origin,1.0
144,tomo_2f3261,143.0,458.0,695.0,300,960,928,13.1,1,origin,1.0
145,tomo_2fb12d,-1.0,-1.0,-1.0,300,960,928,16.8,0,round1,1.0
146,tomo_2fc82d,-1.0,-1.0,-1.0,300,960,928,16.8,0,origin,1.0
147,tomo_305c97,65.0,684.0,410.0,300,960,928,15.6,1,origin,1.0
148,tomo_307f33,-1.0,-1.0,-1.0,800,928,960,16.1,0,origin,1.0
149,tomo_30b580,142.0,392.0,575.0,300,928,928,13.1,1,origin,1.0
150,tomo_30d4e5,175.0,706.0,228.0,300,959,928,15.6,1,origin,1.0
151,tomo_317656,97.0,409.0,758.0,300,960,928,13.1,1,origin,1.0
152,tomo_3183d2,168.0,136.0,475.0,300,959,928,15.6,1,origin,1.0
153,tomo_319f79,195.0,243.0,380.0,500,928,960,13.1,1,origin,1.0
154,tomo_3264bc,-1.0,-1.0,-1.0,300,928,928,16.8,0,origin,1.0
155,tomo_32aaa7,156.0,526.0,641.0,300,960,928,13.1,1,origin,1.0
156,tomo_331130,106.0,553.0,323.0,300,960,928,13.1,1,origin,1.0
157,tomo_35ec84,-1.0,-1.0,-1.0,800,928,960,16.1,0,origin,1.0
158,tomo_369cce,95.0,361.0,268.0,300,960,928,13.1,1,origin,1.0
159,tomo_37076e,131.0,379.0,298.0,300,960,928,13.1,1,origin,1.0
160,tomo_372690,-1.0,-1.0,-1.0,800,928,960,13.1,0,origin,1.0
161,tomo_372a5c,179.0,730.0,406.0,300,959,928,15.6,1,origin,1.0
162,tomo_374ca7,-1.0,-1.0,-1.0,800,928,960,13.1,0,origin,1.0
163,tomo_375513,204.0,577.0,228.0,300,960,928,13.1,1,origin,1.0
164,tomo_378f43,166.0,763.0,526.0,300,960,928,13.1,1,origin,1.0
165,tomo_37c426,-1.0,-1.0,-1.0,600,960,928,15.6,0,origin,1.0
166,tomo_37dd38,200.0,321.0,602.0,500,924,956,19.7,3,origin,1.0
167,tomo_37dd38,162.0,100.0,662.0,500,924,956,19.7,3,origin,1.0
168,tomo_37dd38,184.0,303.0,593.0,500,924,956,19.7,3,origin,1.0
169,tomo_381add,219.0,625.0,862.0,500,924,956,19.7,2,origin,1.0
170,tomo_381add,209.0,596.0,871.0,500,924,956,19.7,2,origin,1.0
171,tomo_385eb6,-1.0,-1.0,-1.0,300,960,928,16.8,0,origin,1.0
172,tomo_38c2a6,251.0,687.0,200.0,300,960,928,13.1,1,origin,1.0
173,tomo_38d285,-1.0,-1.0,-1.0,800,928,960,13.1,0,origin,1.0
174,tomo_399bd9,126.0,509.0,366.0,300,928,928,13.1,1,origin,1.0
175,tomo_39b15b,-1.0,-1.0,-1.0,500,924,956,16.1,0,round1,1.0
176,tomo_3a0914,-1.0,-1.0,-1.0,800,928,960,16.1,0,origin,1.0
177,tomo_3a3519,-1.0,-1.0,-1.0,300,960,928,15.6,0,origin,1.0
178,tomo_3a6a9d,-1.0,-1.0,-1.0,500,1024,1440,13.3,0,origin,1.0
179,tomo_3a8480,223.0,460.0,896.0,500,924,956,19.7,2,origin,1.0
180,tomo_3a8480,212.0,482.0,872.0,500,924,956,19.7,2,origin,1.0
181,tomo_3b1cc9,190.0,463.5,258.5,300,960,928,13.1,0,round1,0.221923828125
182,tomo_3b7a22,-1.0,-1.0,-1.0,800,928,960,13.1,0,origin,1.0
183,tomo_3b8291,-1.0,-1.0,-1.0,500,924,956,19.7,0,origin,1.0
184,tomo_3b83c7,162.0,181.0,613.0,300,960,928,13.1,1,origin,1.0
185,tomo_3c6038,99.0,324.0,156.0,300,959,928,15.6,1,origin,1.0
186,tomo_3e6ead,-1.0,-1.0,-1.0,300,960,928,16.8,0,origin,1.0
187,tomo_3e7407,265.0,349.0,736.0,500,924,956,19.7,4,origin,1.0
188,tomo_3e7407,231.0,341.0,699.0,500,924,956,19.7,4,origin,1.0
189,tomo_3e7407,257.0,348.0,692.0,500,924,956,19.7,4,origin,1.0
190,tomo_3e7407,241.0,350.0,725.0,500,924,956,19.7,4,origin,1.0
191,tomo_3e7783,186.0,531.0,617.0,300,960,928,13.1,1,origin,1.0
192,tomo_3eb9c8,150.0,411.0,416.0,300,960,928,13.1,1,origin,1.0
193,tomo_401341,166.0,612.0,722.0,300,960,928,13.1,1,round1,1.0
194,tomo_401341,190.0,82.5625,786.0,300,960,928,13.1,1,round1,0.7138671875
195,tomo_4077d8,73.0,100.0,225.0,300,928,928,15.6,1,origin,1.0
196,tomo_40b215,-1.0,-1.0,-1.0,500,924,956,16.1,0,origin,1.0
197,tomo_4102f1,149.0,820.0,485.0,300,928,928,15.6,1,origin,1.0
198,tomo_412d88,89.0,103.0,272.0,300,928,928,15.6,1,origin,1.0
199,tomo_417e5f,216.0,447.0,556.0,300,960,928,15.6,1,origin,1.0
200,tomo_41ea80,-1.0,-1.0,-1.0,500,1024,1440,13.3,0,origin,1.0
201,tomo_423d52,154.0,444.0,456.0,300,960,928,13.1,1,origin,1.0
202,tomo_444829,112.0,786.0,641.0,300,928,928,13.1,1,origin,1.0
203,tomo_4469a7,-1.0,-1.0,-1.0,300,960,928,16.8,0,origin,1.0
204,tomo_4555b6,190.0,403.0,853.0,500,924,956,19.7,1,origin,1.0
205,tomo_455dcd,36.0,660.0,535.0,300,960,928,13.1,1,origin,1.0
206,tomo_46250a,170.0,168.0,336.0,300,928,928,15.6,1,origin,1.0
207,tomo_464108,278.0,561.5,336.5,800,928,928,13.1,0,round1,0.383056640625
208,tomo_466489,186.125,407.0,681.5,300,960,928,16.8,0,round1,0.1142578125
209,tomo_47ac94,85.625,570.0,463.0,300,960,928,15.6,0,round1,0.74609375
210,tomo_47ac94,159.5,537.0,143.125,300,960,928,15.6,0,round1,0.521484375
211,tomo_47c399,168.0,177.0,438.0,300,960,928,13.1,1,origin,1.0
212,tomo_47d380,-1.0,-1.0,-1.0,800,928,960,13.1,0,round1,1.0
213,tomo_48dc93,208.0,712.0,483.0,500,924,956,19.7,2,origin,1.0
214,tomo_48dc93,194.0,706.0,508.0,500,924,956,19.7,2,origin,1.0
215,tomo_4925ee,-1.0,-1.0,-1.0,300,960,928,19.2,0,origin,1.0
216,tomo_493bea,170.0,380.0,136.0,300,960,928,13.1,1,origin,1.0
217,tomo_49725c,150.0,624.0,739.0,300,959,928,15.6,2,origin,1.0
218,tomo_49725c,109.0,186.0,166.0,300,959,928,15.6,2,origin,1.0
219,tomo_499ee0,-1.0,-1.0,-1.0,300,960,928,16.8,0,origin,1.0
220,tomo_49f4ee,166.0,670.0,413.0,300,928,928,13.1,1,origin,1.0
221,tomo_4b124b,111.0,505.0,452.0,300,960,928,13.1,1,origin,1.0
222,tomo_4b59a2,156.0,491.0,738.0,300,960,928,13.1,1,origin,1.0
223,tomo_4baff0,162.5,281.75,814.5,500,924,956,16.1,0,round1,0.1639404296875
224,tomo_4c1ca8,-1.0,-1.0,-1.0,800,928,960,13.1,0,round1,1.0
225,tomo_4c2e4e,-1.0,-1.0,-1.0,300,960,928,16.8,0,origin,1.0
226,tomo_4d528f,377.25,313.5,814.5,800,928,960,16.1,0,round1,0.1424560546875
227,tomo_4e1b18,230.125,132.75,158.75,500,924,956,19.7,0,round1,0.48486328125
228,tomo_4e1b18,236.625,145.75,119.6875,500,924,956,19.7,0,round1,0.425048828125
229,tomo_4e1b18,217.125,555.0,847.5,500,924,956,19.7,0,round1,0.349853515625
230,tomo_4e38b8,209.0,753.0,370.0,300,959,928,15.6,1,origin,1.0
231,tomo_4e3e37,-1.0,-1.0,-1.0,800,928,960,13.1,0,round1,1.0
232,tomo_4e41c2,-1.0,-1.0,-1.0,800,927,959,13.1,0,round1,1.0
233,tomo_4e478f,117.0,467.0,156.0,300,959,928,15.6,1,origin,1.0
234,tomo_4ed9de,173.0,724.0,717.0,300,960,928,15.6,1,origin,1.0
235,tomo_4ee35e,157.0,670.0,300.0,300,959,928,15.6,1,origin,1.0
236,tomo_4f379f,124.0,535.0,151.0,300,959,928,15.6,1,origin,1.0
237,tomo_4f5a7b,170.5,512.5,796.0,300,960,928,13.1,0,round1,0.689453125
238,tomo_507b7a,451.0,561.0,366.0,500,928,960,13.1,2,origin,1.0
239,tomo_507b7a,427.0,384.0,353.0,500,928,960,13.1,2,origin,1.0
240,tomo_50cbd9,346.25,629.5,688.5,800,928,960,13.1,0,round1,0.720703125
241,tomo_50f0bf,218.125,265.75,711.0,500,924,956,16.1,0,round1,0.62451171875
242,tomo_510f4e,191.0,236.0,381.0,300,928,928,16.8,1,origin,1.0
243,tomo_512f98,-1.0,-1.0,-1.0,800,928,960,13.1,0,round1,1.0
244,tomo_513010,128.0,150.0,499.0,300,960,928,13.1,1,origin,1.0
245,tomo_516cdd,187.0,739.0,181.0,300,959,928,15.6,1,origin,1.0
246,tomo_517f70,66.0,325.0,392.0,300,928,928,13.1,1,origin,1.0
247,tomo_518a1f,108.0,564.0,683.0,300,960,928,15.6,1,origin,1.0
248,tomo_51a47f,112.0,302.0,207.0,300,960,928,15.6,1,origin,1.0
249,tomo_51a77e,-1.0,-1.0,-1.0,500,928,960,13.1,0,origin,1.0
250,tomo_5308e8,337.5,711.0,424.75,800,928,960,16.1,0,round1,0.576171875
251,tomo_532d49,47.0,517.0,252.0,300,960,928,15.6,1,origin,1.0
252,tomo_539259,152.0,503.0,613.0,300,960,928,16.8,1,origin,1.0
253,tomo_53c71b,405.0,278.0,512.5,800,928,960,13.1,0,round1,0.1512451171875
254,tomo_53e048,190.0,666.0,542.0,300,960,928,13.1,1,origin,1.0
255,tomo_54e1a7,193.75,856.5,597.5,300,928,928,16.8,0,round1,0.376708984375
256,tomo_556257,123.0,210.0,434.0,300,959,928,15.6,1,origin,1.0
257,tomo_568537,215.0,531.0,386.0,300,960,928,13.1,1,origin,1.0
258,tomo_569981,444.0,414.75,356.25,800,928,928,13.1,0,round1,0.564453125
259,tomo_56b9a3,60.0,299.0,498.0,300,928,928,13.1,1,origin,1.0
260,tomo_57592d,174.0,904.0,560.0,300,928,928,15.6,1,origin,1.0
261,tomo_5764d6,92.0,679.0,580.0,500,928,960,13.1,1,origin,1.0
262,tomo_57c814,168.0,359.0,402.0,300,928,928,13.1,1,origin,1.0
263,tomo_5984bf,-1.0,-1.0,-1.0,800,928,960,13.1,0,round1,1.0
264,tomo_59b470,139.0,152.0,631.0,300,960,928,15.6,1,origin,1.0
265,tomo_5b087f,159.0,252.0,373.0,300,959,928,15.6,1,origin,1.0
266,tomo_5b34b2,112.0,613.0,233.0,300,960,928,13.1,1,round1,1.0
267,tomo_5b34b2,63.0,463.5,297.5,300,960,928,13.1,1,round1,0.75439453125
268,tomo_5b359d,-1.0,-1.0,-1.0,800,928,960,13.1,0,origin,1.0
269,tomo_5b8db4,-1.0,-1.0,-1.0,800,928,960,13.1,0,round1,1.0
270,tomo_5ba0cf,217.0,627.0,315.0,500,924,956,19.7,2,origin,1.0
271,tomo_5ba0cf,221.0,653.0,333.0,500,924,956,19.7,2,origin,1.0
272,tomo_5bb31c,-1.0,-1.0,-1.0,800,928,928,19.3,0,origin,1.0
273,tomo_5d01e8,-1.0,-1.0,-1.0,500,1024,1440,13.3,0,origin,1.0
274,tomo_5d4c65,190.0,601.0,652.0,500,928,960,13.1,4,origin,1.0
275,tomo_5d4c65,180.0,770.0,483.0,500,928,960,13.1,4,origin,1.0
276,tomo_5d4c65,187.0,392.0,902.0,500,928,960,13.1,4,origin,1.0
277,tomo_5d4c65,145.0,505.0,794.0,500,928,960,13.1,4,origin,1.0
278,tomo_5d798e,121.0,349.0,402.0,300,960,928,15.6,1,origin,1.0
279,tomo_5dd63d,135.0,823.0,772.0,300,960,928,13.1,1,origin,1.0
280,tomo_5e2a91,267.0,574.0,284.0,300,960,928,15.6,1,origin,1.0
281,tomo_5f1f0c,-1.0,-1.0,-1.0,300,960,928,16.8,0,origin,1.0
282,tomo_5f235a,119.0,656.0,372.0,300,960,928,13.1,1,origin,1.0
283,tomo_5f34b3,-1.0,-1.0,-1.0,500,924,956,19.7,0,round1,1.0
284,tomo_603e40,118.0,123.0,367.0,300,960,928,13.1,1,origin,1.0
285,tomo_60d478,75.0,681.0,456.0,300,928,928,13.1,1,origin,1.0
286,tomo_60ddbd,69.0,450.0,492.0,300,960,928,13.1,1,origin,1.0
287,tomo_616f0b,149.0,874.0,609.0,300,959,928,15.6,1,origin,1.0
288,tomo_61e947,-1.0,-1.0,-1.0,800,928,960,13.1,0,round1,1.0
289,tomo_622ca9,88.0,348.0,565.0,300,928,928,13.1,1,origin,1.0
290,tomo_62dbea,90.0,656.0,789.0,300,960,928,13.1,1,origin,1.0
291,tomo_62eea8,111.0,469.0,334.0,300,960,928,13.1,2,origin,1.0
292,tomo_6303f0,199.0,590.0,212.0,300,960,928,13.1,1,origin,1.0
293,tomo_634b06,212.0,185.0,728.0,500,928,960,13.1,4,origin,1.0
294,tomo_634b06,256.0,516.0,509.0,500,928,960,13.1,4,origin,1.0
295,tomo_634b06,228.0,422.0,664.0,500,928,960,13.1,4,origin,1.0
296,tomo_634b06,266.0,491.0,535.0,500,928,960,13.1,4,origin,1.0
297,tomo_63e635,-1.0,-1.0,-1.0,800,928,960,13.1,0,origin,1.0
298,tomo_640a74,3.0,563.0,673.0,300,960,928,13.1,1,origin,1.0
299,tomo_643b20,168.0,387.0,596.0,300,960,928,13.1,1,origin,1.0
300,tomo_646049,208.75,143.125,775.0,300,960,928,15.6,0,round1,0.057708740234375
301,tomo_6478e5,-1.0,-1.0,-1.0,300,960,928,16.8,0,origin,1.0
302,tomo_648adf,-1.0,-1.0,-1.0,400,960,928,15.6,0,origin,1.0
303,tomo_651ec2,-1.0,-1.0,-1.0,500,924,956,16.1,0,origin,1.0
304,tomo_651ecd,152.0,455.0,337.0,300,960,928,13.1,1,origin,1.0
305,tomo_6521dc,200.5,463.0,233.375,300,960,928,15.6,0,round1,0.63134765625
306,tomo_6521dc,126.6875,693.0,471.25,300,960,928,15.6,0,round1,0.28564453125
307,tomo_6521dc,151.25,734.0,553.5,300,960,928,15.6,0,round1,0.260009765625
308,tomo_656915,202.0,794.0,167.0,500,924,956,19.7,1,origin,1.0
309,tomo_6607ec,-1.0,-1.0,-1.0,300,960,928,15.6,0,round1,1.0
310,tomo_66285d,75.0,438.0,640.0,300,928,928,13.1,1,origin,1.0
311,tomo_672101,102.0,290.0,581.0,300,960,928,13.1,1,origin,1.0
312,tomo_6733fa,133.0,323.0,751.0,300,960,928,13.1,1,origin,1.0
313,tomo_675583,187.0,565.0,765.0,300,960,928,16.8,1,origin,1.0
314,tomo_67565e,124.0,622.0,610.0,300,959,928,15.6,1,origin,1.0
315,tomo_676744,252.0,589.0,491.0,300,960,928,16.8,1,origin,1.0
316,tomo_67717e,137.0,280.0,561.0,300,959,928,15.6,2,origin,1.0
317,tomo_67717e,160.0,171.0,404.0,300,959,928,15.6,2,origin,1.0
318,tomo_67ff4e,-1.0,-1.0,-1.0,800,928,960,16.1,0,origin,1.0
319,tomo_68e123,89.0,771.0,530.0,300,928,928,15.6,1,origin,1.0
320,tomo_692081,-1.0,-1.0,-1.0,800,928,960,16.1,0,origin,1.0
321,tomo_6943e6,193.75,361.5,338.5,300,960,928,16.8,0,round1,0.35107421875
322,tomo_6943e6,132.875,430.0,331.0,300,960,928,16.8,0,round1,0.0880126953125
323,tomo_69d7c9,125.1875,422.25,483.25,300,960,928,16.8,0,round1,0.2496337890625
324,tomo_6a6a3b,-1.0,-1.0,-1.0,800,928,960,13.1,0,round1,1.0
325,tomo_6a84b7,-1.0,-1.0,-1.0,800,928,960,13.1,0,round1,1.0
326,tomo_6acb9e,80.0,562.0,831.0,300,960,928,13.1,1,origin,1.0
327,tomo_6b1fd3,-1.0,-1.0,-1.0,500,924,956,19.7,0,origin,1.0
328,tomo_6bb452,-1.0,-1.0,-1.0,800,928,960,13.1,0,round1,1.0
329,tomo_6bc974,74.0,555.0,610.0,300,928,928,13.1,1,origin,1.0
330,tomo_6c203d,165.0,308.0,280.0,300,960,928,13.1,1,origin,1.0
331,tomo_6c4df3,-1.0,-1.0,-1.0,500,924,956,19.7,0,origin,1.0
332,tomo_6c5a26,175.0,620.0,478.0,300,960,928,15.6,1,origin,1.0
333,tomo_6cb0f0,144.0,657.0,273.0,300,960,928,13.1,1,origin,1.0
334,tomo_6cf2df,436.0,261.0,514.0,500,928,960,13.1,2,origin,1.0
335,tomo_6cf2df,337.0,104.0,450.0,500,928,960,13.1,2,origin,1.0
336,tomo_6d22d1,50.0,797.0,362.0,300,960,928,13.1,1,origin,1.0
337,tomo_6df2d6,105.0,788.0,537.0,300,960,928,13.1,1,origin,1.0
338,tomo_6e196d,-1.0,-1.0,-1.0,500,1024,1440,13.3,0,origin,1.0
339,tomo_6e237a,119.0,796.0,663.0,300,959,928,15.6,1,origin,1.0
340,tomo_6f0ee4,165.0,336.0,202.0,300,959,928,15.6,1,origin,1.0
341,tomo_6f2c1f,216.0,608.0,328.0,300,960,928,13.1,1,origin,1.0
342,tomo_6f83d4,123.0,424.0,293.0,300,960,928,13.1,1,origin,1.0
343,tomo_7036ee,166.0,569.0,724.0,300,960,928,13.1,1,origin,1.0
344,tomo_711fad,-1.0,-1.0,-1.0,500,924,956,19.7,0,origin,1.0
345,tomo_71d2c0,-1.0,-1.0,-1.0,800,928,928,19.3,0,origin,1.0
346,tomo_71ece1,149.0,424.0,416.0,300,928,928,13.1,1,origin,1.0
347,tomo_72763e,154.0,592.0,875.0,300,959,928,15.6,1,origin,1.0
348,tomo_72b187,102.125,844.5,121.625,300,960,928,13.1,0,round1,0.1702880859375
349,tomo_73173f,142.0,655.0,567.0,300,928,928,13.2,1,origin,1.0
350,tomo_736dfa,-1.0,-1.0,-1.0,800,927,959,13.1,0,round1,1.0
351,tomo_738500,200.0,389.0,437.0,300,960,928,15.6,1,origin,1.0
352,tomo_746d88,-1.0,-1.0,-1.0,800,928,928,19.3,0,round1,1.0
353,tomo_754447,201.0,207.0,459.0,500,924,956,19.7,2,origin,1.0
354,tomo_754447,218.0,228.0,445.0,500,924,956,19.7,2,origin,1.0
355,tomo_7550f4,134.0,500.0,710.0,300,960,928,16.8,1,origin,1.0
356,tomo_769126,95.0,114.0,566.0,300,960,928,13.1,1,origin,1.0
357,tomo_76a42b,181.0,497.0,635.0,300,960,928,13.1,1,origin,1.0
358,tomo_774aae,-1.0,-1.0,-1.0,800,928,960,16.1,0,origin,1.0
359,tomo_78b03d,-1.0,-1.0,-1.0,300,960,928,16.8,0,round1,1.0
360,tomo_79756f,206.0,795.0,230.0,300,959,928,15.6,1,origin,1.0
361,tomo_79a385,196.0,704.0,676.0,300,960,928,15.6,1,origin,1.0
362,tomo_79d622,218.0,308.0,505.0,300,928,928,13.1,1,origin,1.0
363,tomo_7a49bd,-1.0,-1.0,-1.0,500,1024,1440,13.3,0,origin,1.0
364,tomo_7a9b64,125.0,402.0,469.0,300,960,928,13.1,1,origin,1.0
365,tomo_7b1ee3,182.0,651.0,626.0,300,960,928,13.1,1,origin,1.0
366,tomo_7ca7c0,89.0,712.0,107.0,300,928,928,15.6,3,origin,1.0
367,tomo_7ca7c0,125.0,335.0,59.0,300,928,928,15.6,3,origin,1.0
368,tomo_7ca7c0,165.0,580.0,794.0,300,928,928,15.6,3,origin,1.0
369,tomo_7cf523,-1.0,-1.0,-1.0,300,960,928,16.8,0,origin,1.0
370,tomo_7dc063,-1.0,-1.0,-1.0,800,928,960,13.1,0,origin,1.0
371,tomo_7dcfb8,-1.0,-1.0,-1.0,300,960,928,16.8,0,origin,1.0
372,tomo_7e3494,-1.0,-1.0,-1.0,800,928,960,16.1,0,origin,1.0
373,tomo_7eb641,-1.0,-1.0,-1.0,300,960,928,15.6,0,origin,1.0
374,tomo_7f0184,228.0,331.0,350.0,300,960,928,13.1,1,origin,1.0
375,tomo_7fa3b1,-1.0,-1.0,-1.0,300,960,928,19.2,0,round1,1.0
376,tomo_7fbc49,0.0,556.0,359.0,300,960,928,13.1,1,origin,1.0
377,tomo_806a8f,110.0,749.0,427.0,300,960,928,13.1,1,origin,1.0
378,tomo_80bf0f,-1.0,-1.0,-1.0,500,960,928,16.8,0,round1,1.0
379,tomo_813916,-1.0,-1.0,-1.0,800,928,960,13.1,0,origin,1.0
380,tomo_81445c,102.0,807.0,233.0,300,960,928,13.1,1,origin,1.0
381,tomo_8174f5,-1.0,-1.0,-1.0,500,1024,1440,13.3,0,origin,1.0
382,tomo_821255,-1.0,-1.0,-1.0,300,960,928,15.6,0,origin,1.0
383,tomo_823bc7,160.0,356.0,805.0,300,960,928,13.1,1,origin,1.0
384,tomo_82d780,107.0,366.0,574.0,300,960,928,15.6,1,origin,1.0
385,tomo_8351d1,-1.0,-1.0,-1.0,500,1024,1440,13.3,0,origin,1.0
386,tomo_84997e,139.0,813.0,688.0,300,959,928,15.6,1,origin,1.0
387,tomo_8554af,93.0,254.0,549.0,300,960,928,15.6,1,origin,1.0
388,tomo_85708b,-1.0,-1.0,-1.0,800,928,960,16.1,0,round1,1.0
389,tomo_85edfd,-1.0,-1.0,-1.0,300,960,928,16.8,0,origin,1.0
390,tomo_85fa87,152.0,369.0,41.0,300,959,928,15.6,1,origin,1.0
391,tomo_8634ee,405.0,180.25,170.5,800,928,960,13.1,0,round1,0.09326171875
392,tomo_868255,243.0,373.0,784.0,300,960,928,15.6,1,origin,1.0
393,tomo_881d84,189.0,527.0,393.0,300,960,928,16.8,1,origin,1.0
394,tomo_88af60,-1.0,-1.0,-1.0,500,1024,1440,13.3,0,round1,1.0
395,tomo_891730,244.0,193.0,387.0,300,960,928,13.1,1,origin,1.0
396,tomo_891afe,-1.0,-1.0,-1.0,300,960,928,16.8,0,origin,1.0
397,tomo_89d156,138.0,410.0,351.0,300,928,928,13.1,1,origin,1.0
398,tomo_8acc4b,-1.0,-1.0,-1.0,500,1024,1440,13.3,0,origin,1.0
399,tomo_8b6795,141.0,220.0,159.0,300,960,928,13.1,1,origin,1.0
400,tomo_8c13d9,119.0,442.0,285.0,300,928,928,13.1,1,origin,1.0
401,tomo_8d231b,-1.0,-1.0,-1.0,300,960,928,15.6,0,origin,1.0
402,tomo_8d2d48,117.0,683.0,609.0,300,924,956,19.7,4,origin,1.0
403,tomo_8d2d48,154.0,374.0,806.0,300,924,956,19.7,4,origin,1.0
404,tomo_8d2d48,115.0,721.0,604.0,300,924,956,19.7,4,origin,1.0
405,tomo_8d2d48,136.0,358.0,856.0,300,924,956,19.7,4,origin,1.0
406,tomo_8d5995,-1.0,-1.0,-1.0,300,960,928,15.6,0,origin,1.0
407,tomo_8e30f5,-1.0,-1.0,-1.0,300,960,928,15.6,0,origin,1.0
408,tomo_8e4919,-1.0,-1.0,-1.0,300,960,928,15.6,0,round1,1.0
409,tomo_8e4f7d,131.0,593.0,480.0,300,960,928,13.1,1,origin,1.0
410,tomo_8e58f1,111.0,422.0,280.0,300,960,928,15.6,1,origin,1.0
411,tomo_8e8368,169.0,295.0,600.0,300,959,928,15.6,1,origin,1.0
412,tomo_8e90f9,157.0,396.0,707.0,300,960,928,16.8,1,origin,1.0
413,tomo_8ee8fd,-1.0,-1.0,-1.0,300,960,928,16.1,0,origin,1.0
414,tomo_8f063a,159.0,382.0,99.0,300,960,928,13.1,1,origin,1.0
415,tomo_8f4d60,120.0,450.0,457.0,300,960,928,15.6,1,origin,1.0
416,tomo_8f5995,157.0,330.0,220.0,300,960,928,13.1,1,origin,1.0
417,tomo_91031e,-1.0,-1.0,-1.0,300,960,928,16.8,0,origin,1.0
418,tomo_918e2b,210.0,489.0,540.0,300,960,928,13.1,1,origin,1.0
419,tomo_91beab,-1.0,-1.0,-1.0,500,924,956,19.7,0,origin,1.0
420,tomo_91c84c,126.0,462.0,638.0,300,960,928,15.6,1,origin,1.0
421,tomo_935ae0,133.0,578.0,123.0,300,960,928,13.1,1,origin,1.0
422,tomo_935f8a,-1.0,-1.0,-1.0,300,960,928,16.8,0,round1,1.0
423,tomo_93c0b4,43.0,683.0,320.0,300,960,928,13.1,1,origin,1.0
424,tomo_94a841,-1.0,-1.0,-1.0,300,960,928,15.6,0,origin,1.0
425,tomo_94c173,59.0,541.0,369.0,300,960,928,13.1,1,origin,1.0
426,tomo_957567,-1.0,-1.0,-1.0,300,960,928,13.1,0,origin,1.0
427,tomo_95c0eb,-1.0,-1.0,-1.0,800,927,959,13.1,0,origin,1.0
428,tomo_95e699,150.0,344.0,439.0,300,960,928,13.1,1,origin,1.0
429,tomo_9674bf,90.0,601.0,156.0,300,960,928,13.1,1,origin,1.0
430,tomo_971966,218.125,75.0,480.5,500,924,956,16.1,0,round1,0.6044921875
431,tomo_971966,218.125,838.5,480.5,500,924,956,16.1,0,round1,0.5419921875
432,tomo_971966,242.0,838.5,496.5,500,924,956,16.1,0,round1,0.437255859375
433,tomo_9722d1,286.0,80.0,642.0,500,924,956,19.7,2,origin,1.0
434,tomo_9722d1,269.0,67.0,670.0,500,924,956,19.7,2,origin,1.0
435,tomo_974fd4,155.75,643.5,323.25,300,928,928,16.8,0,round1,0.1383056640625
436,tomo_975287,-1.0,-1.0,-1.0,500,924,956,19.7,0,origin,1.0
437,tomo_97876d,346.25,610.0,590.5,800,928,960,13.1,0,round1,0.1805419921875
438,tomo_97a2c6,158.0,404.0,182.0,300,959,928,15.6,1,origin,1.0
439,tomo_983fce,-1.0,-1.0,-1.0,500,928,960,13.1,0,origin,1.0
440,tomo_98686a,226.0,586.0,545.0,300,960,928,13.1,1,origin,1.0
441,tomo_98d455,173.0,799.0,162.0,300,959,928,15.6,1,origin,1.0
442,tomo_997240,179.0,489.0,869.0,500,924,956,19.7,2,origin,1.0
443,tomo_997240,199.0,483.0,882.0,500,924,956,19.7,2,origin,1.0
444,tomo_997437,123.0,754.0,764.0,300,959,928,15.6,1,origin,1.0
445,tomo_9986f0,208.0,556.0,376.0,300,960,928,13.1,1,origin,1.0
446,tomo_9997b3,237.0,491.0,442.0,300,960,928,15.6,1,origin,1.0
447,tomo_99a3ce,81.0,574.0,665.0,300,960,928,13.1,1,origin,1.0
448,tomo_9a7701,166.0,258.0,87.0,500,924,956,19.7,6,origin,1.0
449,tomo_9a7701,220.0,221.0,762.0,500,924,956,19.7,6,origin,1.0
450,tomo_9a7701,206.0,231.0,783.0,500,924,956,19.7,6,origin,1.0
451,tomo_9a7701,229.0,237.0,794.0,500,924,956,19.7,6,origin,1.0
452,tomo_9a7701,191.0,252.0,92.0,500,924,956,19.7,6,origin,1.0
453,tomo_9a7701,213.0,251.0,804.0,500,924,956,19.7,6,origin,1.0
454,tomo_9ae65f,210.625,678.5,379.5,500,924,956,19.7,0,round1,0.7392578125
455,tomo_9aee96,-1.0,-1.0,-1.0,800,928,960,13.1,0,round1,1.0
456,tomo_9c0253,209.0,408.0,821.0,300,960,928,13.1,1,origin,1.0
457,tomo_9cd09e,124.0,817.0,772.0,300,960,928,13.1,1,origin,1.0
458,tomo_9cde9d,-1.0,-1.0,-1.0,600,928,928,19.3,0,origin,1.0
459,tomo_9d3a0e,157.0,787.0,355.0,300,960,928,13.1,1,origin,1.0
460,tomo_9dbc12,-1.0,-1.0,-1.0,500,924,956,16.1,0,round1,1.0
461,tomo_9ed470,160.0,270.0,665.0,300,959,928,15.6,1,origin,1.0
462,tomo_9f1828,113.0,219.0,665.0,300,959,928,15.6,1,origin,1.0
463,tomo_9f222a,141.0,302.0,522.0,300,960,928,16.8,1,origin,1.0
464,tomo_9f424e,-1.0,-1.0,-1.0,800,928,928,19.3,0,origin,1.0
465,tomo_9f918e,-1.0,-1.0,-1.0,800,928,960,16.1,0,origin,1.0
466,tomo_9fc2b6,128.0,728.0,570.0,300,960,928,13.1,1,origin,1.0
467,tomo_a020d7,202.0,438.0,320.0,300,928,928,13.1,1,origin,1.0
468,tomo_a0cb00,88.0,529.0,700.0,300,960,928,13.1,1,origin,1.0
469,tomo_a1a9a3,78.0,590.0,125.0,300,960,928,15.6,1,origin,1.0
470,tomo_a2a928,125.1875,506.25,651.0,300,960,928,16.8,0,round1,0.2218017578125
471,tomo_a2bf30,152.0,260.0,464.0,300,960,928,16.8,1,origin,1.0
472,tomo_a37a5c,161.0,748.0,709.0,300,959,928,15.6,1,origin,1.0
473,tomo_a3ed10,-1.0,-1.0,-1.0,800,928,960,13.1,0,round1,1.0
474,tomo_a46b26,175.0,492.0,658.0,300,960,928,15.6,1,origin,1.0
475,tomo_a4c52f,94.0,421.0,402.0,300,960,928,15.6,1,origin,1.0
476,tomo_a4f419,-1.0,-1.0,-1.0,800,928,960,16.1,0,round1,1.0
477,tomo_a537dd,49.0,512.0,373.0,300,960,928,15.6,1,origin,1.0
478,tomo_a549d6,170.0,355.0,735.0,300,960,928,13.1,2,origin,1.0
479,tomo_a549d6,97.0,268.0,771.0,300,960,928,13.1,2,origin,1.0
480,tomo_a5ac23,171.0,438.0,138.0,300,959,928,15.6,2,origin,1.0
481,tomo_a5ac23,169.0,574.0,895.0,300,959,928,15.6,2,origin,1.0
482,tomo_a6646f,-1.0,-1.0,-1.0,800,928,960,13.1,0,round1,1.0
483,tomo_a67e9f,277.0,158.0,774.0,500,924,956,19.7,1,origin,1.0
484,tomo_a72a52,-1.0,-1.0,-1.0,800,928,960,13.1,0,origin,1.0
485,tomo_a75c98,107.0,456.0,346.0,300,960,928,13.1,1,origin,1.0
486,tomo_a8073d,387.0,59.0,188.0,500,928,960,13.1,3,origin,1.0
487,tomo_a8073d,433.0,475.0,352.0,500,928,960,13.1,3,origin,1.0
488,tomo_a8073d,435.0,308.0,285.0,500,928,960,13.1,3,origin,1.0
489,tomo_a81e01,162.0,278.0,70.0,300,959,928,15.6,1,origin,1.0
490,tomo_a84050,80.0,771.0,150.0,300,928,928,13.1,2,origin,1.0
491,tomo_a84050,150.0,458.0,606.0,300,928,928,13.1,2,origin,1.0
492,tomo_a8bf76,143.0,335.0,383.0,300,960,928,13.1,1,origin,1.0
493,tomo_a910fe,78.0,377.0,326.0,300,960,928,13.1,1,origin,1.0
494,tomo_a9d067,250.0,657.0,564.0,500,924,956,19.7,3,origin,1.0
495,tomo_a9d067,192.0,642.0,745.0,500,924,956,19.7,3,origin,1.0
496,tomo_a9d067,199.0,666.0,725.0,500,924,956,19.7,3,origin,1.0
497,tomo_aaa1fd,-1.0,-1.0,-1.0,300,960,928,15.6,0,origin,1.0
498,tomo_ab30af,-1.0,-1.0,-1.0,500,1024,1440,13.3,0,origin,1.0
499,tomo_ab78d0,395.25,307.25,473.5,800,928,960,13.1,0,round1,0.32275390625
500,tomo_ab804d,366.0,375.75,678.5,800,928,960,13.1,0,round1,0.599609375
501,tomo_abac2e,155.0,535.0,96.0,300,959,928,15.6,1,origin,1.0
502,tomo_abb45a,156.0,748.0,688.0,300,960,928,13.1,1,origin,1.0
503,tomo_abbd3b,-1.0,-1.0,-1.0,800,928,928,19.3,0,origin,1.0
504,tomo_ac4f0d,-1.0,-1.0,-1.0,800,928,960,16.1,0,origin,1.0
505,tomo_ac9fef,165.125,2.748046875,444.5,500,924,956,19.7,0,round1,0.32275390625
506,tomo_acadd7,60.0,488.0,759.0,300,960,928,15.6,1,origin,1.0
507,tomo_adc026,157.0,432.0,776.0,300,959,928,15.6,1,origin,1.0
508,tomo_ae347a,180.0,775.0,596.0,500,924,956,19.7,2,origin,1.0
509,tomo_ae347a,206.0,788.0,581.0,500,924,956,19.7,2,origin,1.0
510,tomo_aeaf51,-1.0,-1.0,-1.0,500,1024,1440,13.3,0,round1,1.0
511,tomo_aec312,239.0,542.0,381.0,500,924,956,19.7,2,origin,1.0
512,tomo_aec312,250.0,532.0,407.0,500,924,956,19.7,2,origin,1.0
513,tomo_aff073,258.0,615.5,687.0,500,924,956,16.1,0,round1,0.477294921875
514,tomo_aff073,202.25,67.0625,59.125,500,924,956,16.1,0,round1,0.3828125
515,tomo_aff073,249.875,409.0,695.0,500,924,956,16.1,0,round1,0.29638671875
516,tomo_b03f81,116.0,439.0,767.0,300,960,928,13.1,1,origin,1.0
517,tomo_b0ded6,267.0,343.0,834.0,500,924,956,19.7,2,origin,1.0
518,tomo_b0ded6,247.0,335.0,838.0,500,924,956,19.7,2,origin,1.0
519,tomo_b0e5c6,133.0,593.0,861.0,300,928,928,15.6,1,origin,1.0
520,tomo_b10aa4,-1.0,-1.0,-1.0,300,960,928,15.6,0,round1,1.0
521,tomo_b11ddc,-1.0,-1.0,-1.0,300,960,928,19.2,0,round1,1.0
522,tomo_b18127,-1.0,-1.0,-1.0,500,924,956,19.7,0,origin,1.0
523,tomo_b24f1a,-1.0,-1.0,-1.0,300,960,928,15.6,0,origin,1.0
524,tomo_b28579,-1.0,-1.0,-1.0,800,927,959,13.1,0,origin,1.0
525,tomo_b2b342,-1.0,-1.0,-1.0,300,960,928,15.6,0,round1,1.0
526,tomo_b2eb0c,-1.0,-1.0,-1.0,500,1024,1440,13.3,0,round1,1.0
527,tomo_b2ebbc,107.0,461.0,234.0,300,960,928,13.1,1,origin,1.0
528,tomo_b33d4e,434.0,237.0,734.0,500,928,960,13.1,2,origin,1.0
529,tomo_b33d4e,412.0,285.0,769.0,500,928,960,13.1,2,origin,1.0
530,tomo_b4a1f0,208.0,723.0,402.0,500,924,956,19.7,4,origin,1.0
531,tomo_b4a1f0,226.0,723.0,373.0,500,924,956,19.7,4,origin,1.0
532,tomo_b4a1f0,202.0,716.0,367.0,500,924,956,19.7,4,origin,1.0
533,tomo_b4a1f0,223.0,679.0,886.0,500,924,956,19.7,4,origin,1.0
534,tomo_b4d92b,96.0,625.0,647.0,300,960,928,13.1,1,origin,1.0
535,tomo_b4d9da,-1.0,-1.0,-1.0,800,928,960,13.1,0,origin,1.0
536,tomo_b50c0f,143.0,710.0,779.0,300,928,928,15.6,1,origin,1.0
537,tomo_b54396,40.0,630.0,335.0,300,960,928,13.1,1,origin,1.0
538,tomo_b7becf,-1.0,-1.0,-1.0,800,927,959,13.1,0,round1,1.0
539,tomo_b7d014,176.0,381.0,274.0,500,928,960,13.1,2,origin,1.0
540,tomo_b7d014,181.0,556.0,329.0,500,928,960,13.1,2,origin,1.0
541,tomo_b7d94c,105.0,747.0,659.0,300,960,928,13.1,1,origin,1.0
542,tomo_b80310,123.0,429.0,296.0,300,928,928,13.1,1,origin,1.0
543,tomo_b8595d,-1.0,-1.0,-1.0,300,928,928,16.8,0,origin,1.0
544,tomo_b87c8e,141.125,326.75,463.5,300,960,928,13.1,0,round1,0.299560546875
545,tomo_b8f096,142.0,596.0,584.0,300,960,928,13.1,1,origin,1.0
546,tomo_b9088c,-1.0,-1.0,-1.0,300,960,928,15.6,0,origin,1.0
547,tomo_b93a2d,-1.0,-1.0,-1.0,300,960,928,16.8,0,origin,1.0
548,tomo_b98cf6,-1.0,-1.0,-1.0,800,928,960,13.1,0,origin,1.0
549,tomo_b9de3e,-1.0,-1.0,-1.0,500,1024,1440,13.3,0,origin,1.0
550,tomo_b9eb9a,-1.0,-1.0,-1.0,300,960,928,15.6,0,origin,1.0
551,tomo_ba37ec,149.0,601.0,365.0,300,960,928,15.6,1,origin,1.0
552,tomo_ba76d8,-1.0,-1.0,-1.0,800,928,928,19.3,0,origin,1.0
553,tomo_ba9b3d,139.0,856.0,343.0,300,959,928,15.6,1,origin,1.0
554,tomo_bad724,326.75,678.5,532.0,800,928,960,13.1,0,round1,0.1015625
555,tomo_bad7b3,194.0,383.0,682.0,300,959,928,15.6,2,origin,1.0
556,tomo_bad7b3,142.0,177.0,745.0,300,959,928,15.6,2,origin,1.0
557,tomo_bb5ac1,-1.0,-1.0,-1.0,300,960,928,16.8,0,round1,1.0
558,tomo_bb9df3,244.0,619.0,380.0,300,960,928,15.6,1,origin,1.0
559,tomo_bbe766,195.0,855.0,288.0,300,959,928,15.6,1,origin,1.0
560,tomo_bc143f,-1.0,-1.0,-1.0,500,924,956,19.7,0,origin,1.0
561,tomo_bcb115,-1.0,-1.0,-1.0,300,960,928,16.8,0,origin,1.0
562,tomo_bd42fa,356.25,346.25,864.0,500,928,960,13.1,0,round1,0.64794921875
563,tomo_bdc097,193.75,262.25,468.0,300,960,928,16.8,0,round1,0.65185546875
564,tomo_bdc097,216.625,567.0,834.0,300,960,928,16.8,0,round1,0.583984375
565,tomo_bdd3a0,141.0,814.0,590.0,300,959,928,15.6,1,origin,1.0
566,tomo_bde7f3,235.0,542.0,283.0,300,960,928,13.1,1,origin,1.0
567,tomo_be4a3a,111.0,602.0,896.0,300,959,928,15.6,1,origin,1.0
568,tomo_be9b98,-1.0,-1.0,-1.0,800,928,960,13.1,0,origin,1.0
569,tomo_bebadf,143.0,360.0,410.0,300,960,928,13.1,1,origin,1.0
570,tomo_bede89,157.0,597.0,661.0,300,960,928,13.1,1,origin,1.0
571,tomo_bf1398,235.0,583.0,185.0,500,924,956,19.7,2,origin,1.0
572,tomo_bf1398,237.0,549.0,163.0,500,924,956,19.7,2,origin,1.0
573,tomo_bfd5ea,-1.0,-1.0,-1.0,500,924,956,16.1,0,round1,1.0
574,tomo_bfdf19,-1.0,-1.0,-1.0,300,960,928,15.6,0,origin,1.0
575,tomo_c00ab5,104.0,529.0,464.0,300,960,928,13.1,1,origin,1.0
576,tomo_c10f64,-1.0,-1.0,-1.0,300,960,928,19.2,0,origin,1.0
577,tomo_c11e12,171.0,687.0,620.0,300,959,928,15.6,1,origin,1.0
578,tomo_c13fbf,-1.0,-1.0,-1.0,500,924,956,19.7,0,round1,1.0
579,tomo_c3619a,-1.0,-1.0,-1.0,300,928,928,16.8,0,origin,1.0
580,tomo_c36b4b,-1.0,-1.0,-1.0,300,960,928,16.8,0,origin,1.0
581,tomo_c36baf,92.0,406.0,660.0,300,960,928,13.1,1,origin,1.0
582,tomo_c38e83,-1.0,-1.0,-1.0,500,928,960,13.1,0,round1,1.0
583,tomo_c46d3c,202.0,528.0,592.0,300,960,928,13.1,1,origin,1.0
584,tomo_c4a4bb,204.0,616.0,471.0,300,960,928,13.1,1,origin,1.0
585,tomo_c4bfe2,453.75,512.5,375.75,800,928,960,13.1,0,round1,0.1136474609375
586,tomo_c4db00,-1.0,-1.0,-1.0,300,960,928,13.1,0,round1,1.0
587,tomo_c596be,-1.0,-1.0,-1.0,800,928,960,13.1,0,origin,1.0
588,tomo_c649f8,146.0,798.0,635.0,300,960,928,13.1,1,origin,1.0
589,tomo_c678d9,142.0,271.0,420.0,300,928,928,16.8,1,origin,1.0
590,tomo_c6f50a,102.375,643.5,430.0,300,960,928,16.8,0,round1,0.07928466796875
591,tomo_c77de0,-1.0,-1.0,-1.0,494,1912,1847,6.5,0,origin,1.0
592,tomo_c7a40f,-1.0,-1.0,-1.0,500,1024,1440,13.3,0,origin,1.0
593,tomo_c7b008,83.0,484.0,854.0,300,960,928,15.6,1,origin,1.0
594,tomo_c84b46,-1.0,-1.0,-1.0,300,960,928,16.8,0,origin,1.0
595,tomo_c84b8e,147.0,317.0,681.0,300,960,928,13.1,2,origin,1.0
596,tomo_c8f3ce,135.0,173.0,214.0,300,928,928,15.6,1,origin,1.0
597,tomo_c925ee,-1.0,-1.0,-1.0,800,927,959,13.1,0,round1,1.0
598,tomo_c9d07c,-1.0,-1.0,-1.0,500,924,956,16.1,0,round1,1.0
599,tomo_ca1d13,364.0,72.0,688.0,500,928,960,13.1,1,origin,1.0
600,tomo_ca472a,-1.0,-1.0,-1.0,800,928,960,13.1,0,origin,1.0
601,tomo_ca8be0,-1.0,-1.0,-1.0,500,928,928,19.3,0,origin,1.0
602,tomo_cabaa0,262.75,405.5,288.75,500,924,956,19.7,0,round1,0.0806884765625
603,tomo_cacb75,240.0,153.0,507.0,300,960,928,15.6,1,origin,1.0
604,tomo_cad74b,388.0,838.0,639.0,500,928,960,13.1,3,origin,1.0
605,tomo_cad74b,398.0,657.0,562.0,500,928,960,13.1,3,origin,1.0
606,tomo_cad74b,389.0,239.0,380.0,500,928,960,13.1,3,origin,1.0
607,tomo_cae587,-1.0,-1.0,-1.0,300,960,928,15.6,0,origin,1.0
608,tomo_cb5ec6,-1.0,-1.0,-1.0,800,928,960,16.1,0,round1,1.0
609,tomo_cc2b5c,118.0,443.0,477.0,300,960,928,16.8,1,origin,1.0
610,tomo_cc3fc4,199.0,389.0,218.0,300,960,928,13.1,1,origin,1.0
611,tomo_cc65a9,136.0,266.0,486.0,300,960,928,15.6,1,origin,1.0
612,tomo_cd1a7c,162.0,487.0,703.0,300,960,928,16.8,1,origin,1.0
613,tomo_cf0875,41.0,560.0,664.0,300,960,928,13.1,1,origin,1.0
614,tomo_cf53d0,235.0,393.0,316.0,300,928,928,13.1,1,origin,1.0
615,tomo_cf5bfc,-1.0,-1.0,-1.0,800,928,960,13.1,0,round1,1.0
616,tomo_cff77a,242.0,490.0,536.0,300,960,928,15.6,1,origin,1.0
617,tomo_d0699e,-1.0,-1.0,-1.0,300,960,928,16.8,0,round1,1.0
618,tomo_d0aa3b,164.0,625.0,792.0,300,928,928,15.6,1,origin,1.0
619,tomo_d0c025,158.0,570.0,719.0,300,960,928,13.1,1,origin,1.0
620,tomo_d0d9b6,424.5,287.75,835.0,800,927,959,13.1,0,round1,0.66162109375
621,tomo_d21396,116.0,218.0,382.0,300,959,928,15.6,1,origin,1.0
622,tomo_d23087,88.0,475.0,357.0,300,960,928,13.1,1,origin,1.0
623,tomo_d2339b,105.0,626.0,532.0,300,960,928,13.1,1,origin,1.0
624,tomo_d26fcb,118.0,305.0,573.0,300,960,928,13.1,1,origin,1.0
625,tomo_d2b1bc,95.0,535.0,192.0,300,960,928,13.1,1,origin,1.0
626,tomo_d31c96,375.75,326.75,453.75,800,928,960,13.1,0,round1,0.634765625
627,tomo_d31c96,395.25,366.0,708.0,800,928,960,13.1,0,round1,0.1495361328125
628,tomo_d396b5,164.0,518.0,115.0,300,960,928,15.6,1,origin,1.0
629,tomo_d3bef7,128.0,657.0,645.0,300,960,928,13.1,1,origin,1.0
630,tomo_d5465a,-1.0,-1.0,-1.0,800,928,960,13.1,0,round1,1.0
631,tomo_d56709,168.0,480.0,875.0,500,924,956,19.7,2,origin,1.0
632,tomo_d56709,190.0,452.0,888.0,500,924,956,19.7,2,origin,1.0
633,tomo_d5aa20,361.25,369.25,51.1875,800,928,960,16.1,0,round1,0.60546875
634,tomo_d634b7,123.0,559.0,382.0,300,960,928,13.1,1,origin,1.0
635,tomo_d662b0,222.0,894.0,385.0,500,924,956,19.7,6,origin,1.0
636,tomo_d662b0,183.0,554.0,708.0,500,924,956,19.7,6,origin,1.0
637,tomo_d662b0,204.0,565.0,711.0,500,924,956,19.7,6,origin,1.0
638,tomo_d662b0,214.0,423.0,190.0,500,924,956,19.7,6,origin,1.0
639,tomo_d662b0,206.0,394.0,173.0,500,924,956,19.7,6,origin,1.0
640,tomo_d662b0,189.0,534.0,695.0,500,924,956,19.7,6,origin,1.0
641,tomo_d6c63f,173.0,636.0,698.0,300,960,928,13.1,1,origin,1.0
642,tomo_d6e3c7,-1.0,-1.0,-1.0,300,928,928,16.8,0,origin,1.0
643,tomo_d723cd,-1.0,-1.0,-1.0,800,928,960,16.1,0,origin,1.0
644,tomo_d7475d,143.0,221.0,440.0,300,960,928,15.6,1,origin,1.0
645,tomo_d83ff4,115.0,685.0,701.0,300,959,928,15.6,1,origin,1.0
646,tomo_d84544,55.0,586.0,602.0,300,960,928,13.1,1,origin,1.0
647,tomo_d8c917,-1.0,-1.0,-1.0,800,928,960,13.1,0,origin,1.0
648,tomo_d916dc,163.0,524.0,365.0,300,960,928,16.8,1,origin,1.0
649,tomo_d96d6e,-1.0,-1.0,-1.0,800,928,960,13.1,0,origin,1.0
650,tomo_d9a2af,102.0,830.0,385.0,300,960,928,13.1,1,origin,1.0
651,tomo_da38ea,134.0,299.0,278.0,300,959,928,15.6,1,origin,1.0
652,tomo_da79d8,239.0,186.0,492.0,500,924,956,19.7,4,origin,1.0
653,tomo_da79d8,205.0,184.0,492.0,500,924,956,19.7,4,origin,1.0
654,tomo_da79d8,223.0,206.0,491.0,500,924,956,19.7,4,origin,1.0
655,tomo_da79d8,218.0,165.0,493.0,500,924,956,19.7,4,origin,1.0
656,tomo_dae195,-1.0,-1.0,-1.0,800,928,960,16.1,0,origin,1.0
657,tomo_db2a10,-1.0,-1.0,-1.0,300,928,928,16.8,0,origin,1.0
658,tomo_db4517,178.0,774.0,687.0,300,960,928,13.1,1,origin,1.0
659,tomo_db6051,-1.0,-1.0,-1.0,500,928,960,13.1,0,origin,1.0
660,tomo_db656f,130.0,278.0,563.0,300,959,928,15.6,1,origin,1.0
661,tomo_dbc66d,-1.0,-1.0,-1.0,300,960,928,16.8,0,round1,1.0
662,tomo_dc9a96,-1.0,-1.0,-1.0,500,1024,1440,13.3,0,origin,1.0
663,tomo_dcb9b4,153.0,493.0,359.0,300,960,928,15.6,1,origin,1.0
664,tomo_dd36c9,-1.0,-1.0,-1.0,500,924,956,16.1,0,round1,1.0
665,tomo_decb81,59.0,588.0,478.0,300,960,928,15.6,1,origin,1.0
666,tomo_dee783,-1.0,-1.0,-1.0,300,960,928,15.6,0,origin,1.0
667,tomo_df866a,-1.0,-1.0,-1.0,300,960,928,16.8,0,origin,1.0
668,tomo_dfc627,97.0,353.0,766.0,300,960,928,13.1,1,origin,1.0
669,tomo_dfdc32,-1.0,-1.0,-1.0,500,924,956,19.7,0,origin,1.0
670,tomo_e0739f,-1.0,-1.0,-1.0,300,960,928,16.8,0,round1,1.0
671,tomo_e1a034,-1.0,-1.0,-1.0,300,960,928,19.2,0,round1,1.0
672,tomo_e1e5d3,21.0,564.0,452.0,300,960,928,13.1,1,origin,1.0
673,tomo_e22370,253.0,741.0,255.0,500,924,956,19.7,3,origin,1.0
674,tomo_e22370,254.0,737.0,296.0,500,924,956,19.7,3,origin,1.0
675,tomo_e22370,242.0,742.0,278.0,500,924,956,19.7,3,origin,1.0
676,tomo_e26c6b,133.0,174.0,317.0,300,928,928,15.6,1,origin,1.0
677,tomo_e2a336,354.25,672.5,719.0,800,928,928,19.3,0,round1,0.11004638671875
678,tomo_e2ccab,119.0,353.0,80.0,300,928,928,15.6,1,origin,1.0
679,tomo_e2da77,346.25,453.75,473.5,800,928,960,13.1,0,round1,0.75244140625
680,tomo_e32b81,-1.0,-1.0,-1.0,300,960,928,15.6,0,round1,1.0
681,tomo_e34af8,249.0,359.0,500.0,300,960,928,15.6,1,origin,1.0
682,tomo_e3864f,-1.0,-1.0,-1.0,800,928,928,19.3,0,origin,1.0
683,tomo_e50f04,-1.0,-1.0,-1.0,300,960,928,16.8,0,origin,1.0
684,tomo_e51e5e,153.0,860.0,588.0,300,959,928,15.6,1,origin,1.0
685,tomo_e55f81,-1.0,-1.0,-1.0,300,960,928,16.8,0,origin,1.0
686,tomo_e57baf,108.0,394.0,143.0,300,959,928,15.6,1,origin,1.0
687,tomo_e5a091,-1.0,-1.0,-1.0,500,960,928,16.8,0,origin,1.0
688,tomo_e5ac94,161.0,481.0,342.0,300,960,928,13.1,1,origin,1.0
689,tomo_e61cdf,149.0,278.0,377.0,300,959,928,15.6,1,origin,1.0
690,tomo_e63ab4,157.0,415.0,265.0,300,960,928,13.1,1,origin,1.0
691,tomo_e685b8,185.0,167.0,466.0,300,959,928,15.6,1,origin,1.0
692,tomo_e6f7f7,180.0,548.0,267.0,300,960,928,13.1,2,origin,1.0
693,tomo_e71210,189.0,521.0,453.0,300,960,928,15.6,1,origin,1.0
694,tomo_e72e60,151.0,649.5,747.0,300,960,928,13.1,0,round1,0.775390625
695,tomo_e764a7,-1.0,-1.0,-1.0,500,960,928,16.8,0,origin,1.0
696,tomo_e77217,-1.0,-1.0,-1.0,800,928,960,13.1,0,origin,1.0
697,tomo_e7c195,-1.0,-1.0,-1.0,300,960,928,16.8,0,origin,1.0
698,tomo_e81143,-1.0,-1.0,-1.0,300,960,928,15.6,0,origin,1.0
699,tomo_e8db69,-1.0,-1.0,-1.0,300,960,928,16.8,0,origin,1.0
700,tomo_e96200,-1.0,-1.0,-1.0,300,928,928,16.8,0,round1,1.0
701,tomo_e9b7f2,-1.0,-1.0,-1.0,300,960,928,15.6,0,origin,1.0
702,tomo_e9fa5f,-1.0,-1.0,-1.0,800,928,960,13.1,0,origin,1.0
703,tomo_ea3f3a,197.0,405.0,500.0,300,960,928,16.8,1,origin,1.0
704,tomo_eb26ee,-1.0,-1.0,-1.0,500,1024,1440,13.3,0,origin,1.0
705,tomo_eb4fd4,70.0,782.0,30.0,300,959,928,15.6,1,origin,1.0
706,tomo_ec1314,153.0,586.0,858.0,300,959,928,15.6,1,origin,1.0
707,tomo_ec607b,432.0,159.0,202.0,500,928,960,13.1,2,origin,1.0
708,tomo_ec607b,466.0,458.0,301.0,500,928,960,13.1,2,origin,1.0
709,tomo_ecbc12,366.0,493.0,23.921875,800,928,960,13.1,0,round1,0.40625
710,tomo_ed1c97,241.0,64.0,186.0,500,924,956,19.7,1,origin,1.0
711,tomo_ede779,125.0,217.0,540.0,300,960,928,15.6,1,origin,1.0
712,tomo_ef1a1a,-1.0,-1.0,-1.0,300,960,928,19.2,0,round1,1.0
713,tomo_efe1f8,41.0,750.0,427.0,300,960,928,13.1,1,origin,1.0
714,tomo_f07244,-1.0,-1.0,-1.0,800,928,960,13.1,0,origin,1.0
715,tomo_f0adfc,175.0,550.0,671.0,300,960,928,13.1,1,origin,1.0
716,tomo_f1bf2f,-1.0,-1.0,-1.0,800,928,960,13.1,0,round1,1.0
717,tomo_f2fa4a,59.0,434.0,600.0,300,960,928,15.6,1,origin,1.0
718,tomo_f36495,-1.0,-1.0,-1.0,800,928,960,13.1,0,origin,1.0
719,tomo_f3e449,174.0,740.0,715.0,300,959,928,15.6,1,origin,1.0
720,tomo_f427b3,166.0,272.0,654.0,300,959,928,15.6,1,origin,1.0
721,tomo_f672c0,-1.0,-1.0,-1.0,800,928,928,13.1,0,origin,1.0
722,tomo_f6a38a,227.0,234.0,871.0,500,924,956,19.7,4,origin,1.0
723,tomo_f6a38a,241.0,223.0,849.0,500,924,956,19.7,4,origin,1.0
724,tomo_f6a38a,269.0,136.0,395.0,500,924,956,19.7,4,origin,1.0
725,tomo_f6a38a,245.0,128.0,376.0,500,924,956,19.7,4,origin,1.0
726,tomo_f6de9b,-1.0,-1.0,-1.0,800,928,960,16.1,0,origin,1.0
727,tomo_f71c16,-1.0,-1.0,-1.0,800,928,960,16.1,0,origin,1.0
728,tomo_f76529,31.0,586.0,683.0,300,960,928,15.6,1,origin,1.0
729,tomo_f78e91,95.0,469.0,387.0,300,960,928,13.1,1,origin,1.0
730,tomo_f7f28b,-1.0,-1.0,-1.0,300,960,928,15.6,0,origin,1.0
731,tomo_f82a15,-1.0,-1.0,-1.0,500,924,956,16.1,0,round1,1.0
732,tomo_f871ad,157.0,642.0,115.0,300,960,928,13.1,1,origin,1.0
733,tomo_f8b46e,123.0,728.0,352.0,300,928,928,13.1,1,origin,1.0
734,tomo_f8b835,-1.0,-1.0,-1.0,800,928,960,13.1,0,round1,1.0
735,tomo_f94504,273.75,194.25,401.0,500,924,956,16.1,0,round1,0.681640625
736,tomo_fa5d78,-1.0,-1.0,-1.0,800,928,960,13.1,0,round1,1.0
737,tomo_fadbe2,97.0,463.0,425.0,300,928,928,13.1,1,origin,1.0
738,tomo_fb08b5,106.0,671.0,559.0,300,959,928,15.6,1,origin,1.0
739,tomo_fb6ce6,-1.0,-1.0,-1.0,800,928,928,13.2,0,origin,1.0
740,tomo_fbb49b,-1.0,-1.0,-1.0,300,960,928,16.8,0,round1,1.0
741,tomo_fc1665,-1.0,-1.0,-1.0,500,927,959,13.1,0,origin,1.0
742,tomo_fc3c39,128.0,537.0,491.0,300,960,928,16.8,1,origin,1.0
743,tomo_fc5ae4,24.0,513.0,313.0,300,960,928,13.1,1,origin,1.0
744,tomo_fc90fd,-1.0,-1.0,-1.0,500,1912,1847,6.5,0,origin,1.0
745,tomo_fd41c4,-1.0,-1.0,-1.0,300,928,928,16.8,0,origin,1.0
746,tomo_fd5b38,184.0,520.0,627.0,300,960,928,16.8,1,origin,1.0
747,tomo_fd9357,131.0,364.0,138.0,300,928,928,15.6,1,origin,1.0
748,tomo_fe050c,138.0,134.0,542.0,300,959,928,15.6,1,round1,1.0
749,tomo_fe050c,143.125,93.875,405.75,300,959,928,15.6,1,round1,0.6552734375
750,tomo_fe85f6,463.5,903.5,747.0,800,928,960,13.1,0,round1,0.3291015625
751,tomo_fea6e8,-1.0,-1.0,-1.0,300,960,928,16.8,0,round1,1.0
752,tomo_ff505c,111.0,816.0,678.0,300,959,928,15.6,1,origin,1.0
753,tomo_ff7c20,307.25,493.0,63.0,800,928,960,13.1,0,round1,0.67919921875
